frame,true_deg,obb_deg,pose_deg,fused_deg,err_obb_deg,err_pose_deg,err_fused_deg,flip_obb,flip_pose,flip_fused,obb_conf,pose_det_conf
1,-0.33567052721434937,0.8435655016501867,-0.948507687162056,-0.948507687162056,1.179236028864536,0.6128371599477067,0.6128371599477067,0,0,0,0.888813853263855,0.9287331700325012
2,-0.7006616157925354,86.01844618065678,-2.0100160218676573,-1.1608093541031763,86.71910779644932,1.3093544060751219,0.46014773831064093,0,0,0,0.8541514873504639,0.9477494359016418
3,-1.1735103826689348,89.49838658164326,2.56619054166322,-0.41540937494989716,90.6718969643122,3.739700924332154,0.7581010077190377,1,0,0,0.8889957070350647,0.9413354396820068
4,-1.5347096757211325,87.44156390555312,-2.0898806251473236,-0.7503036249893825,88.97627358127427,0.5551709494261912,0.78440605073175,0,0,0,0.9362284541130066,0.9403380155563354
5,-1.9918481537328563,86.26107499054315,-4.509563620248716,-1.5021556240412492,88.252923144276,2.5177154665158605,0.4896925296916069,0,0,0,0.9446396827697754,0.9546878337860107
6,-2.4358249639356715,88.0150743995916,-4.499093875087095,-2.1015432742504183,90.45089936352726,2.0632689111514226,0.33428168968525324,1,0,0,0.9472988843917847,0.9563928842544556
7,-3.0182783100317945,87.17635449027071,-5.718807304067048,-2.824996080213744,90.1946328003025,2.7005289940352535,0.19328222981805016,1,0,0,0.9622457027435303,0.9528387188911438
8,-3.4923060315919616,86.86446756220042,-4.957003648750378,-3.251397593921071,90.35677359379237,1.464697617158416,0.2409084376708905,1,0,0,0.9652968049049377,0.9496418237686157
9,-3.829509055820906,87.05240704740248,-6.24037896336752,-3.849193867810361,90.88191610322339,2.410869907546613,0.019684811989455053,1,0,0,0.968245267868042,0.9509983658790588
10,-4.048743614026329,86.39301375474028,-4.555006610861472,-3.990356416420583,90.44175736876662,0.506262996835143,0.05838719760574594,1,0,0,0.9689643383026123,0.9424455761909485
11,-4.267965792513881,85.20237517862365,-6.471008306708569,-4.486486794478181,89.47034097113755,2.203042514194688,0.21852100196429955,0,0,0,0.9689971208572388,0.9332399368286133
12,-4.3508949612084145,86.13577517021926,-7.0869578354003115,-5.006581002662608,90.48667013142767,2.736062874191898,0.6556860414541928,1,0,0,0.9687882661819458,0.9436352849006653
13,-4.45010217824238,85.31213631858577,-6.065394469441407,-5.2183436960183665,89.76223849682815,1.6152922911990262,0.7682415177759867,0,0,0,0.9753112196922302,0.9560257792472839
14,-4.59552074765336,86.06185203283222,-4.982403200220455,-5.171155596858785,90.65737278048557,0.3868824525670952,0.5756348492054248,1,0,0,0.9781428575515747,0.9609584808349609
15,-4.75256003016347,84.1403012532542,-4.952986992159857,-5.127521875918998,88.89286128341766,0.20042696199638677,0.37496184575552893,0,0,0,0.9798570275306702,0.9674974083900452
16,-4.7716854136131515,85.59210577266458,-4.073886695095904,-4.91679483975438,90.36379118627774,0.6977987185172477,0.1451094261412285,1,0,0,0.9778629541397095,0.9752655625343323
17,-4.700935325982398,84.97739557755261,-4.721909363298961,-4.8778177444632975,89.67833090353501,0.02097403731656298,0.17688241848089936,0,0,0,0.9763638973236084,0.9759896993637085
18,-4.630204021371862,84.53414362117546,-4.748005562826906,-4.851855308136019,89.16434764254733,0.11780154145504446,0.22165128676415796,0,0,0,0.9791613221168518,0.9786565899848938
19,-4.552055985096337,85.12406022960029,-4.656914423294626,-4.8128671311677405,89.67611621469663,0.10485843819828747,0.2608111460714031,0,0,0,0.9753419756889343,0.9741889834403992
20,-4.473927585614677,84.94036912206197,-4.424622277746028,-4.735218160483398,89.41429670767666,0.0493053078686493,0.261290574868721,0,0,0,0.9785373210906982,0.9758870601654053
21,-4.261866006698237,84.49326493899294,-4.3920973872052675,-4.666594005827772,88.75513094569118,0.13023138050703056,0.4047279991295353,0,0,0,0.9793525338172913,0.9754742980003357
22,-4.049890232033245,85.59113588580244,-4.011792288706836,-4.535633662403585,89.6410261178357,0.03809794332640917,0.48574343037034057,0,0,0,0.9820236563682556,0.9737927317619324
23,-3.731281970932837,85.39110013558029,-3.7109988683301087,-4.3707067035888905,89.12238210651311,0.020283102602728215,0.6394247326560532,0,0,0,0.9807783365249634,0.974850058555603
24,-3.412764636725755,86.03813078584476,-3.7330389549105965,-4.243173153853232,89.45089542257051,0.3202743181848416,0.8304085171274765,0,0,0,0.9785467982292175,0.9757494926452637
25,-3.1850501852223494,85.196603668775,-3.2350904712769126,-4.041556617337968,88.38165385399735,0.05004028605456291,0.8565064321156184,0,0,0,0.9798762798309326,0.975641667842865
26,-2.9348163865820003,85.87463654768217,-2.8572920502436094,-3.8047037039190963,88.80945293426417,0.07752433633839079,0.8698873173370961,0,0,0,0.9784954190254211,0.9738144278526306
27,-2.823021557794524,86.10324297920249,-2.8916731919582874,-3.6220976015269355,88.92626453699701,0.0686516341637636,0.799076043732411,0,0,0,0.9758742451667786,0.972751796245575
28,-2.59848933411411,87.00833866687756,-2.588827251714029,-3.4154435315643545,89.60682800099167,0.009662082400081212,0.8169541974502443,0,0,0,0.977069079875946,0.9710940718650818
29,-2.4119711685896363,87.04134214094707,-2.418938604009896,-3.216142546053463,89.4533133095367,0.0069674354202596475,0.8041713774638262,0,0,0,0.980646014213562,0.9736277461051941
30,-2.225453003065163,86.82742061614226,-2.879878676068374,-3.148889772056445,89.05287361920743,0.6544256730032105,0.923436768991282,0,0,0,0.9813004732131958,0.9719452857971191
31,-1.9519824739816074,86.8627600149079,-1.7588998589364293,-2.870891789432442,88.81474248888952,0.19308261504517804,0.9189093154508347,0,0,0,0.980219304561615,0.9711479544639587
32,-1.8061235708125736,86.25415600891392,-1.357934052376938,-2.5683002420213414,88.0602795797265,0.4481895184356355,0.7621766712087676,0,0,0,0.9783782362937927,0.9707158803939819
33,-1.5523647542302634,87.94801560232041,-1.5284727549466872,-2.3603347446064107,89.50038035655066,0.023891999283576097,0.8079699903761473,0,0,0,0.9741839170455933,0.9704909324645996
34,-1.336317653211415,86.81078910551328,-1.3928843739172097,-2.1668446704685707,88.1471067587247,0.05656672070579488,0.8305270172571555,0,0,0,0.9770558476448059,0.9702301621437073
35,-0.9882269872803527,87.80520317696461,-0.7565680840927018,-1.884789353193397,88.79343016424497,0.23165890318765076,0.8965623659130442,0,0,0,0.9795794486999512,0.9700425863265991
36,-0.6484389498939699,88.56732934493297,-0.4610297125593331,-1.600037425066584,89.21576829482694,0.1874092373346368,0.9515984751726143,0,0,0,0.9805328845977783,0.9716833829879761
37,-0.18627752141814957,0.8272998330286244,-0.2651369634639356,-1.3330573327460544,1.013577354446774,0.07885944204578604,1.146779811327905,0,0,0,0.9738550186157227,0.9684075713157654
38,0.14017529198529732,89.87938136373575,0.5462051343601916,-0.9572048393248054,89.73920607175044,0.4060298423748942,1.0973801313101026,0,0,0,0.9718737602233887,0.969859778881073
39,0.36876786302408576,89.55790485007076,0.3280813250686738,-0.7001476064461095,89.18913698704667,0.0406865379554119,1.0689154694701952,0,0,0,0.9754987359046936,0.9690551161766052
40,0.59736012723797,1.0928177807624637,0.7182910694832851,-0.41645987126023065,0.4954576535244937,0.12093094224531516,1.0138199984982008,0,0,0,0.9767045974731445,0.9684052467346191
41,0.8026744397497897,89.99697673067585,0.9006032781092541,-0.1530472413863337,89.19430229092606,0.09792883835946445,0.9557216811361234,0,0,0,0.9777930974960327,0.9716630578041077
42,1.0305993464569962,1.5742368342216424,1.2656285095573097,0.13068790880239498,0.5436374877646463,0.23502916310031355,0.8999114376546011,0,0,0,0.9808331727981567,0.9705935120582581
43,1.2804315513184896,1.9463396705101192,1.6032022631378136,0.4251907796694787,0.6659081191916295,0.32277071181932404,0.8552407716490109,0,0,0,0.9810969829559326,0.970069944858551
44,1.6171611580605876,1.8483478002615925,2.0541503885436647,0.750982701444316,0.23118664220100488,0.4369892304830772,0.8661784566162716,0,0,0,0.980692446231842,0.9708085060119629
45,2.070393408197299,2.270731394290235,2.3103499629168254,1.062856153738818,0.20033798609293652,0.23995655471952654,1.0075372544584809,0,0,0,0.980071485042572,0.9708908796310425
46,2.523624270951835,3.2407738566790756,2.9390053190919607,1.4380859868094467,0.7171495857272404,0.41538104814012555,1.0855382841423884,0,0,0,0.9833754897117615,0.9730652570724487
47,3.0686153101109075,4.6114952794615505,3.0565059004547543,1.7617699695385083,1.5428799693506428,0.01210940965615318,1.3068453405723992,0,0,0,0.984889030456543,0.9753736853599548
48,3.4891617966962283,3.7563641331124162,3.834072655124518,2.1762305066557106,0.2672023364161879,0.34491085842828983,1.3129312900405181,0,0,0,0.9822800755500793,0.9748175144195557
49,3.909707429507903,4.400711372806725,3.86999481420112,2.5149833681647924,0.49100394329882224,0.03971261530678319,1.3947240613431107,0,0,0,0.9836834073066711,0.9777557849884033
50,4.330251568215697,4.756774256881368,4.1683463561181835,2.8456559657554705,0.4265226886656706,0.16190521209751332,1.4845956024602265,0,0,0,0.9835466146469116,0.9774441123008728
51,4.6314530922163275,3.8825565737834564,4.588625697816135,3.194249912167604,0.7488965184328712,0.04282739440019293,1.437203180048724,0,0,0,0.9804752469062805,0.9768685102462769
52,4.886985410105314,3.7719583087612016,4.703052014286637,3.4960103325914105,1.1150271013441122,0.1839333958186765,1.390975077513903,0,0,0,0.9836418628692627,0.9763607978820801
53,5.22957361160799,6.3297612732066035,4.877837323075504,3.7723757306882293,1.1001876615986133,0.3517362885324872,1.457197880919761,0,0,0,0.9863281846046448,0.9777607321739197
54,5.6651010509206765,7.615059867917256,5.670253516448708,4.151951287840325,1.9499588169965796,0.005152465528031152,1.5131497630803514,0,0,0,0.9825639128684998,0.9775726795196533
55,6.2143805951048705,8.297639091490712,6.2104495966641915,4.563650949605099,2.083258496385841,0.003930998440678814,1.6507296454997715,0,0,0,0.983424961566925,0.9780142307281494
56,6.76365672419448,7.310618699815924,6.650675554350153,4.98105587055411,0.5469619756214442,0.11298116984432671,1.78260085364037,0,0,0,0.9830237030982971,0.9776523113250732
57,7.190263082677483,6.505193828264735,7.085514047515092,5.401947505946306,0.6850692544127484,0.1047490351623914,1.788315576731177,0,0,0,0.982055127620697,0.9778711199760437
58,7.753863826003902,8.319681819489636,7.812442774542552,5.884046559665555,0.5658179934857338,0.05857894853864996,1.8698172663383454,0,0,0,0.9828094840049744,0.977062463760376
59,8.404563995399968,9.671895350612079,8.595595797119403,6.426356407156326,1.2673313552121108,0.19103180171943362,1.9782075882436432,0,0,0,0.9839210510253906,0.977410614490509
60,9.055259895927804,9.012732576834367,9.176244583276757,6.9763340423804125,0.04252731909343814,0.12098468734895164,2.0789258535473927,0,0,0,0.9841877222061157,0.9772310256958008
61,9.617304209897107,9.572192517976465,9.739736932301778,7.529014620364686,0.04511169192064172,0.1224327224046711,2.0882895895324207,0,0,0,0.984680712223053,0.9766294360160828
62,10.132985199780363,8.724029872128037,10.096581146406622,8.042527925573074,1.4089553276523252,0.03640405337373808,2.0904572742072878,0,0,0,0.9818823933601379,0.9757358431816101
63,10.676866333199307,10.30231668836238,10.842963643072542,8.60261506907297,0.374549644836928,0.16609730987323373,2.0742512641263384,0,0,0,0.9840124845504761,0.976818323135376
64,11.240715524656785,11.375715067375733,11.636109872307186,9.209314029719812,0.13499954271894826,0.3953943476503993,2.0314014949369725,0,0,0,0.9854235053062439,0.9761794805526733
65,11.80456044724603,12.038451737636656,12.254060928724824,9.818263409520815,0.23389129039062415,0.44950048147879434,1.986297037725216,0,0,0,0.9818832874298096,0.9768285751342773
66,12.462340107716816,12.989906480529541,12.842933323418862,10.423197392300423,0.5275663728127237,0.38059321570204513,2.0391427154163924,0,0,0,0.9828121066093445,0.9767574667930603
67,13.157131709526254,13.862568161157158,13.373320627941384,11.013222039428614,0.7054364516309032,0.2161889184151273,2.14390967009764,0,0,0,0.983567476272583,0.9769251346588135
68,13.851915627372877,13.523976900979408,13.912084337698417,11.592994499082577,0.32793872639346844,0.060168710325538624,2.2589211282902997,0,0,0,0.9825963973999023,0.9759407639503479
69,14.643372335184567,15.632875500622655,15.02139278965815,12.278674157197692,0.9895031654380873,0.37802045447358384,2.3646981779868734,0,0,0,0.9848455190658569,0.97674959897995
70,15.434820505259795,15.672260078924241,15.949655406292845,13.012870407016726,0.23743957366444576,0.5148349010330489,2.42195009824307,0,0,0,0.9841616153717041,0.9770623445510864
71,16.26397131955349,16.845346776421223,16.680347534706215,13.746365832554623,0.5813754568677304,0.4163762151527228,2.5176054869988684,0,0,0,0.9847768545150757,0.9778883457183838
72,16.992861787020573,17.042257715098106,17.489537570015585,14.495000180046816,0.049395928077532215,0.49667578299501247,2.497861606973757,0,0,0,0.9817692041397095,0.9770391583442688
73,17.71297033876231,17.19813116969426,18.406035164030868,15.277207176843627,0.5148391690680512,0.6930648252685598,2.435763161918683,0,0,0,0.9851279854774475,0.9778712391853333
74,18.313449834738567,17.676637147472427,18.781147010025354,15.977995143479975,0.6368126872661388,0.4676971752867861,2.335454691258592,0,0,0,0.9823625683784485,0.9772392511367798
75,18.7904378029737,18.720489835683598,19.371497929450072,16.656695700673993,0.06994796729010058,0.5810601264763708,2.133742102299705,0,0,0,0.980109453201294,0.9771214127540588
76,19.267422356114245,17.849703895756797,19.84196664182774,17.293749888904745,1.4177184603574517,0.5745442857134917,1.9736724672095025,0,0,0,0.9827628135681152,0.9769949913024902
77,19.7444052017075,19.390917298949955,20.382855450643195,17.911571001252437,0.35348790275754743,0.6384502489356906,1.8328342004550675,0,0,0,0.9841480255126953,0.9784241914749146
78,20.221386339753465,19.910091930593673,20.592174417936658,18.44769168458928,0.3112944091597936,0.370788078183191,1.7736946551641848,0,0,0,0.9827213883399963,0.9790569543838501
79,20.83557573294123,19.985483558652273,15.466610770884406,17.851475501848306,0.850092174288957,5.368964962056824,2.9841002310929223,0,0,0,0.9805472493171692,0.9765257239341736
80,0.36520047656492927,1.0688495797478312,0.9603172127486271,0.9603172127486271,0.703649103182902,0.595116736183698,0.595116736183698,0,0,0,0.9234102964401245,0.9443250894546509
81,0.7228935613758095,1.9541824352245862,0.9894504753734836,0.9661438652735985,1.2312888738487768,0.266556913997674,0.243250303897789,0,0,0,0.9272028207778931,0.9545291066169739
82,1.080367092957471,89.82833936006824,0.20568045373595623,0.81405118296607,88.74797226711077,0.8746866392215147,0.2663159099914009,0,0,0,0.9162593483924866,0.9400683641433716
83,1.531930855945995,0.2878224907574713,0.9231754412918356,0.8358760346312232,1.2441083651885239,0.6087554146541595,0.6960548213147718,0,0,0,0.9585940837860107,0.9499754309654236
84,1.8518760198547273,1.881939737816773,2.934569751754533,1.2556147780558853,0.03006371796204581,1.0826937318998058,0.596261241798842,0,0,0,0.9618284702301025,0.9602035284042358
85,2.1568636030896604,0.8533555639691951,2.8640195920809366,1.5772957408608954,1.3035080391204652,0.7071559889912765,0.5795678622287648,0,0,0,0.9699745774269104,0.9627525210380554
86,2.4456538195947313,0.80800476206675,3.1501141870994367,1.8918594301086036,1.6376490575279814,0.7044603675047051,0.5537943894861276,0,0,0,0.9588406085968018,0.9676410555839539
87,2.6093407971579676,1.3341361548235362,3.354898606681168,2.1844672654231165,1.2752046423344316,0.7455578095232004,0.4248735317348512,0,0,0,0.962926983833313,0.9647680521011353
88,2.664721891939135,2.358997502047487,2.463805462104241,2.2403349047593415,0.30572438989164824,0.20091642983489466,0.42438698717979395,0,0,0,0.9656714200973511,0.962480902671814
89,2.7469321832235245,1.7863995853151635,2.5369656653080956,2.299661056869092,0.9605325979083609,0.2099665179154288,0.4472711263544324,0,0,0,0.9629900455474854,0.9633783102035522
90,2.8269284259997716,3.4923060315919616,3.2151440023429765,2.4827576459638694,0.66537760559219,0.3882155763432052,0.3441707800359024,0,0,0,0.9684514999389648,0.9689985513687134
91,2.818848525655058,2.969344913827119,3.3243171115184866,2.651069539074793,0.15049638817206096,0.5054685858634288,0.1677789865802652,0,0,0,0.9651976227760315,0.9695988893508911
92,2.8069949457939125,3.2294923051609183,3.491764040323034,2.8192084393244414,0.42249735936700594,0.6847690945291215,0.01221349353052901,0,0,0,0.9768809080123901,0.9677858352661133
93,2.7951259980071343,2.2363078812036057,2.701530515697554,2.795672854599064,0.5588181168035286,0.09359548230958023,0.0005468565919298756,0,0,0,0.9757435917854309,0.9677680730819702
94,2.910277864771672,2.5638216417646524,2.9192980747790553,2.820397898635063,0.3464562230070193,0.009020210007383558,0.08987996613660905,0,0,0,0.9778823256492615,0.9725615382194519
95,3.0270245807074074,3.6912399869236374,3.676277709340515,2.9915738607761537,0.66421540621623,0.6492531286331079,0.035450719931253684,0,0,0,0.9816439747810364,0.9691910147666931
96,3.278553980855943,4.165701212052689,3.4393509348674263,3.081129275594408,0.8871472311967455,0.160796954011483,0.1974247052615349,0,0,0,0.9834169745445251,0.9720940589904785
97,3.441001065641411,3.7306147468282913,3.7653027684257347,3.2179639741606736,0.2896136811868807,0.32430170278432413,0.22303709148073697,0,0,0,0.9838730692863464,0.9756985306739807
98,3.745269344579377,4.192818343718109,4.058674242787574,3.3861060278860546,0.44754899913873175,0.3134048982081976,0.3591633166933226,0,0,0,0.9828281402587891,0.9715706706047058
99,3.924233107438405,3.863711654976568,4.255764594096243,3.5600377411280926,0.06052145246183673,0.3315314866578386,0.3641953663103122,0,0,0,0.980556309223175,0.9763569235801697
100,4.014876121026821,4.880633334177202,4.177344235126377,3.6834990399277494,0.8657572131503812,0.16246811409955592,0.3313770810990711,0,0,0,0.9812511205673218,0.9765666723251343
101,4.1230129566269325,3.845976641909807,4.669795605121712,3.8807583529665424,0.2770363147171253,0.5467826484947804,0.2422546036603895,0,0,0,0.9803493022918701,0.9762017726898193
102,4.144939998296788,4.376335281432596,4.3111880480771765,3.9668442919886697,0.2313952831358076,0.16624804978038804,0.17809570630811894,0,0,0,0.9826900959014893,0.9793195128440857
103,4.1669067404411955,3.739138822912467,4.306788009869515,4.034833035564839,0.42776791752872856,0.1398812694283193,0.13207370487635675,0,0,0,0.9801938533782959,0.9769476652145386
104,4.294550596310864,4.464547601450134,4.35053313514384,4.09797305548064,0.1699970051392705,0.05598253883297634,0.1965775408302238,0,0,0,0.9820630550384521,0.97496098279953
105,4.3324414976183325,5.009186458980127,4.622937067605852,4.202965857905682,0.6767449613617953,0.2904955699875192,0.1294756397126498,0,0,0,0.9814823865890503,0.977113664150238
106,4.496208943347728,4.524173445357053,4.580126839251115,4.27839805417477,0.027964502009324706,0.08391789590338639,0.21781088917295868,0,0,0,0.9820574522018433,0.9778121113777161
107,4.791359773517374,4.801116698746736,4.7721566255012124,4.377149768440058,0.009756925229363216,0.01920314801616092,0.41421000507731515,0,0,0,0.9825569987297058,0.9787259101867676
108,5.08650932302655,5.077443100677004,5.352303596954822,4.572180534143011,0.009066222349545676,0.26579427392827165,0.5143287888835387,0,0,0,0.9864891767501831,0.9775897860527039
109,5.244786577323724,4.775485560112617,5.212059071224898,4.700156241559389,0.46930101721110673,0.03272750609882552,0.5446303357643351,0,0,0,0.9841446876525879,0.9769513010978699
110,5.275704709262256,4.887253068143414,5.498300176615593,4.859785028570631,0.38845164111884267,0.22259546735333602,0.4159196806916259,0,0,0,0.9824392795562744,0.9776385426521301
111,5.306622841200789,4.89025707071775,5.219079049119651,4.931643832680435,0.4163657704830385,0.08754379208113794,0.37497900852035393,0,0,0,0.9822277426719666,0.9770225286483765
112,5.206330477862437,5.5069185654982356,5.142329573890773,4.973780980922503,0.30058808763579864,0.06400090397166348,0.23254949693993424,0,0,0,0.9823940992355347,0.977730929851532
113,5.007560873957664,4.487947402659775,4.970912215974839,4.973207227932971,0.51961347129789,0.03664865798282548,0.03435364602469415,0,0,0,0.9821354150772095,0.9784518480300903
114,4.791802028266132,4.017369993847522,4.747930673006413,4.928151916947659,0.7744320344186101,0.043871355259718914,0.13634988868152728,0,0,0,0.983726978302002,0.9772545099258423
115,4.684653008774734,5.244963308468498,4.562747264196741,4.855070986397476,0.5603102996937648,0.12190574457799265,0.1704179776227418,0,0,0,0.9834260940551758,0.9782879948616028
116,4.577503135509689,4.675798522289458,4.543608110017074,4.792778411121395,0.09829538677976912,0.03389502549261523,0.21527527561170595,0,0,0,0.9835382103919983,0.9782242178916931
117,4.361299900635283,4.210054326088636,4.465419533704653,4.727306635638047,0.15124557454664672,0.10411963306937011,0.3660067350027645,0,0,0,0.9824551939964294,0.976689338684082
118,4.247317276879286,6.043253193657963,4.3156033304675745,4.644965974603953,1.7959359167786766,0.06828605358828742,0.39764869772466616,0,0,0,0.982557475566864,0.9777728915214539
119,4.11488673906191,4.503992370793781,4.072096122204813,4.530392004124125,0.3891056317318714,0.04279061685709689,0.41550526506221563,0,0,0,0.9849041700363159,0.9772735238075256
120,4.122811039159593,5.025671120541953,4.282335739224788,4.480780751144257,0.9028600813823598,0.15952470006519384,0.3579697119846635,0,0,0,0.9836205244064331,0.9787023067474365
121,4.130735766144101,3.983692038597481,4.265547990113809,4.437734198938168,0.1470437275466195,0.134812223969709,0.306998432794067,0,0,0,0.9849368929862976,0.976882815361023
122,4.138661773789077,4.413183298231169,4.3621478237232445,4.422616923895183,0.27452152444209127,0.22348604993416757,0.28395515010610584,0,0,0,0.9829242825508118,0.9785763621330261
123,4.262623303922462,5.280915716712153,4.304953045252246,4.399084148166596,1.018292412789691,0.04232974132978414,0.13646084424413402,0,0,0,0.9834188222885132,0.9766886830329895
124,4.347124269899744,4.152955652174621,4.366150626005062,4.392497443734289,0.19416861772512248,0.019026356105318457,0.04537317383454503,0,0,0,0.9848802089691162,0.9771998524665833
125,4.431626089650672,4.558628761512005,4.442377467820238,4.402473448551479,0.1270026718613327,0.010751378169565545,0.029152641099193247,0,0,0,0.9873992204666138,0.9773199558258057
126,4.500003967205316,3.2426459688418934,4.783715964553761,4.478721951751936,1.2573579983634229,0.2837119973484446,0.021282015453380484,0,0,0,0.98365718126297,0.9766581654548645
127,4.476937564604537,4.283788352613039,4.526225998549653,4.48822276111148,0.1931492119914981,0.04928843394511605,0.011285196506942909,0,0,0,0.9824647307395935,0.9769555330276489
128,4.592657617730655,4.505403231744212,4.850577019997158,4.560693612888616,0.08725438598644351,0.25791940226650273,0.03196400484203914,0,0,0,0.9807181358337402,0.977095365524292
129,4.675626486899739,3.7540358923790884,4.911291840182328,4.6308132583473585,0.9215905945206505,0.2356653532825885,0.04481322855238021,0,0,0,0.9836145043373108,0.9770843386650085
130,4.718139718728014,4.423279171598094,4.8254884876023585,4.669748304198358,0.2948605471299198,0.10734876887434455,0.04839141452965493,0,0,0,0.9835207462310791,0.9786836504936218
131,4.855606240397806,5.138495600346809,4.762384091469248,4.688275461652537,0.2828893599490031,0.0932221489285578,0.167330778745269,0,0,0,0.9833167195320129,0.9779079556465149
132,4.881440577159733,4.805156328753976,4.92603674792715,4.73582771890746,0.07628424840575679,0.04459617076741704,0.14561285825227274,0,0,0,0.9816223382949829,0.9772441387176514
133,5.004897953955006,6.010235205436476,4.719437476271886,4.732549670380346,1.0053372514814694,0.2854604776831194,0.27234828357466045,0,0,0,0.9814055562019348,0.9788147807121277
134,5.021342915042281,4.909976680625223,4.9377069599388,4.773581128292037,0.11136623441705791,0.0836359551034806,0.24776178675024405,0,0,0,0.983036458492279,0.9778913259506226
135,5.166761057566437,6.4421460595836395,5.109387067403457,4.840742316114321,1.2753850020172022,0.05737399016298085,0.3260187414521166,0,0,0,0.9843140840530396,0.9770463109016418
136,5.447167216865318,5.757994611840612,5.488679119740254,4.970329676839508,0.31082739497529405,0.04151190287493624,0.4768375400258098,0,0,0,0.9825074076652527,0.9772824048995972
137,5.727572522390552,5.585797005128128,5.607245644186617,5.09771287030893,0.14177551726242404,0.12032687820393499,0.6298596520816214,0,0,0,0.9832445383071899,0.9770731925964355
138,5.996101836496426,6.337936582756286,6.0824963143474085,5.294669559116627,0.34183474625985943,0.08639447785098202,0.7014322773797997,0,0,0,0.983182430267334,0.9772945642471313
139,6.294840650414444,6.868853163356901,6.630701796268984,5.561876006547099,0.5740125129424566,0.33586114585454074,0.7329646438673455,0,0,0,0.9860522747039795,0.9774025082588196
140,6.593580318106108,6.134238997365349,6.561927797051641,5.761886364648007,0.4593413207407588,0.03165252105446657,0.8316939534581004,0,0,0,0.9856048226356506,0.9774258732795715
141,6.754881638658306,5.991663494196388,6.776672791271841,5.964843649972775,0.7632181444619186,0.021791152613536147,0.7900379886855308,0,0,0,0.9823533296585083,0.9778222441673279
142,6.916124902602559,6.520847341181935,6.964907205962055,6.1648563611706315,0.3952775614206242,0.04878230335949524,0.7512685414319276,0,0,0,0.9821013808250427,0.977627158164978
143,7.083159313189336,6.6824504707180825,7.081540799021616,6.348193248740829,0.4007088424712537,0.0016185141677206765,0.7349660644485078,0,0,0,0.983639657497406,0.9780450463294983
144,7.250192870002468,7.110144536826411,7.370903200590229,6.552735239110708,0.14004833317605708,0.12071033058776104,0.6974576308917586,0,0,0,0.9879438877105713,0.9781796932220459
145,7.417227707476068,7.779307988209491,7.676244513450016,6.777437093978571,0.36208028073342347,0.2590168059739475,0.6397906134974977,0,0,0,0.9852373003959656,0.9772307276725769
146,7.716051044985065,7.855852210690532,7.5891707290443255,6.939783820991723,0.13980116570546725,0.12688031594073876,0.7762672239933422,0,0,0,0.982280433177948,0.97691410779953
147,8.104376327604262,8.501073714598602,8.38685096357254,7.229197249507886,0.3966973869943406,0.28247463596827777,0.8751790780963762,0,0,0,0.9832924008369446,0.9772042036056519
148,8.593964287310776,9.750554370414886,9.02832085241506,7.589021970089322,1.1565900831041092,0.43435656510428294,1.0049423172214542,0,0,0,0.9835000038146973,0.9777615070343018
149,9.20597399637966,9.6214168375511,9.409214356790512,7.953060447429561,0.4154428411714406,0.2032403604108528,1.2529135489500998,0,0,0,0.9852420687675476,0.9778631925582886
150,9.799698435266773,8.626472572665453,10.088316331198868,8.380111624183423,1.1732258626013214,0.2886178959320942,1.419586811083351,0,0,0,0.985000729560852,0.9770740866661072
151,10.393420312832948,11.017243687845015,10.78509513559841,8.86110832646642,0.6238233750120671,0.3916748227654628,1.532311986366528,0,0,0,0.9817055463790894,0.9765403866767883
152,10.891736400525092,11.048555836321292,11.268017306044491,9.342490122382035,0.15681943579620025,0.376280905519399,1.5492462781430574,0,0,0,0.9853874444961548,0.9769532084465027
153,11.2682608238058,9.89302784763312,11.427044917371704,9.75940108137997,1.3752329761726798,0.15878409356590323,1.50885974242583,0,0,0,0.981856644153595,0.976348876953125
154,11.55385664621342,10.224532786546982,11.99519837910517,10.206560540925013,1.3293238596664392,0.4413417328917485,1.3472961052884098,0,0,0,0.9806175827980042,0.9766671657562256
155,11.839453322394688,11.87755638645325,12.791814115489215,10.723611255837852,0.03810306405856238,0.9523607930945273,1.1158420665568343,0,0,0,0.9792409539222717,0.9765674471855164
156,12.125049998575955,11.310280147579718,13.08239008125513,11.19536702092131,0.8147698509962361,0.9573400826791768,0.9296829776546448,0,0,0,0.9839299321174622,0.9770033955574036
157,12.410645820983575,13.006111958109042,8.373837409312065,10.63106109859946,0.5954661371254667,4.03680841167151,1.7795847223841135,0,0,0,0.9816998839378357,0.9735996127128601
158,-0.13789623661812125,89.74059874999026,-1.6852910714266862,-1.6852910714266862,89.87849498660837,1.5473948348085649,1.5473948348085649,0,0,0,0.8684039115905762,0.898250162601471
159,-0.26114670670631046,0.29402913168102945,-0.3137198559933182,-1.4109768283400128,0.5551758383873399,0.05257314928700773,1.1498301216337024,0,0,0,0.8382852077484131,0.9411382675170898
160,-0.38432719403593346,88.44310869449795,10.820469315181336,1.0353124003642575,88.82743588853388,11.204796509217271,1.4196395944001912,0,0,0,0.8810864090919495,0.8294198513031006
161,-0.4110061797382677,87.22064143684906,13.116741871177878,3.4515982945269816,87.63164761658733,13.527748050916145,3.8626044742652494,0,0,0,0.8834525346755981,0.7822834253311157
162,-0.43772377201766843,0.34820304388725004,-0.01679855040496874,2.7579189255405914,0.7859268159049184,0.4209252216126997,3.19564269755826,0,0,0,0.8357241749763489,0.9133644700050354
163,-0.5138905198253598,88.41265971117804,,19.88886708266808,88.92655023100339,,20.402757602493445,0,0,0,0.8963717222213745,
164,-0.6379615464288761,73.1339363492097,-2.5612732736187485,15.398839011410715,73.77189789563859,1.9233117271898723,16.03680055783959,0,0,0,0.7644136548042297,0.8110440969467163
165,-0.7993335167503015,89.11794504487355,,30.142660218103284,89.91727856162385,,30.941993734853586,0,0,0,0.8695279359817505,
166,-0.9606705890739362,89.18175950228898,,41.95048007494042,90.14243009136291,,42.911150664014365,1,0,0,0.8211113214492798,
167,-1.1274071393798777,86.46045504260499,,50.852475068473346,87.58786218198486,,51.97988220785322,0,0,0,0.7994149327278137,
168,-1.294115408433787,,,,,,,0,0,0,,
169,-1.4702699358315299,,,,,,,0,0,0,,
170,-1.6578261833881394,,,,,,,0,0,0,,
171,-1.7126145458153967,,,,,,,0,0,0,,
172,-1.7675852956378346,,,,,,,0,0,0,,
173,-1.7804632971527763,,,,,,,0,0,0,,
174,-1.7061159409852469,,,,,,,0,0,0,,
175,-1.631796652626338,,,,,,,0,0,0,,
176,-1.6649522051265784,,,,,,,0,0,0,,
177,-1.658659466466881,,,,,,,0,0,0,,
178,-1.6524265986841271,,,,,,,0,0,0,,
179,-1.6461762285416248,,,,,,,0,0,0,,
180,-1.6399269256161806,,,,,,,0,0,0,,
181,-1.532999353664279,,,,,,,0,0,0,,
182,-1.4261287711032646,,,,,,,0,0,0,,
183,-1.4353271149245677,,,,,,,0,0,0,,
184,-1.338181014194359,,,,,,,0,0,0,,
185,-1.241035020185856,,,,,,,0,0,0,,
186,-1.1808038507637448,,,,,,,0,0,0,,
187,-1.238158870215046,,,,,,,0,0,0,,
188,-1.2955139963880529,,,,,,,0,0,0,,
189,-1.4733432007929181,,,,,,,0,0,0,,
190,-1.78567868019261,89.96301019993338,,89.96301019993338,91.74868888012598,,91.74868888012598,1,0,1,0.29709988832473755,
191,-2.0980142663140073,89.9644855207941,,89.96330526410553,92.06249978710811,,92.06131953041952,1,0,1,0.2602250874042511,
192,-2.410349638991993,,,,,,,0,0,0,,
193,-2.852493397176306,,,,,,,0,0,0,,
194,-3.3891703885681808,,,,,,,0,0,0,,
195,-3.9258411901011194,,,,,,,0,0,0,,
196,-4.577443371354452,,,,,,,0,0,0,,
197,-5.229040003079083,,,,,,,0,0,0,,
198,-6.007136007100582,,,,,,,0,0,0,,
199,-6.7852226196119725,86.397863189051,,86.397863189051,93.18308580866297,,93.18308580866297,1,0,1,0.5368282198905945,
200,-7.675421664707244,84.75798941084429,,86.06988843340966,92.43341107555153,,93.7453100981169,1,0,1,0.8402458429336548,
201,-8.463147381684815,85.46371870683586,,85.9486544880949,93.92686608852067,,94.41180186977971,1,0,1,0.8887351155281067,
202,-9.250864560925923,85.61412630254871,,85.88174885098567,94.86499086347463,,95.13261341191159,1,0,1,0.9019080400466919,
203,-10.067427336579287,84.81797213213534,-18.055047961558618,65.0943894884768,94.88539946871462,7.9876206249793285,75.16181682505609,1,0,0,0.9048281908035278,0.8822582960128784
204,-10.762459702556969,83.56449581565461,-19.847934188850143,48.10592475301142,94.32695551821158,9.085474486293174,58.868384455568396,1,0,0,0.9122672080993652,0.9258215427398682
205,-11.457484384571833,81.28797327472185,-9.031865010317816,36.67836680034558,92.74545765929368,2.425619374254017,48.13585118491741,1,0,0,0.9199290871620178,0.933051586151123
206,-12.163013043756532,80.86567633871829,-12.221274504026807,26.8984385394711,93.02868938247482,0.05826146027027631,39.06145158322763,1,0,0,0.9326525330543518,0.9496185183525085
207,-12.912761201401539,78.14612040746182,-16.41485150380025,18.23578053081683,91.05888160886337,3.5020903023987096,31.148541732218373,1,0,0,0.9527538418769836,0.9469631910324097
208,-13.6353696023795,79.61091594667359,-11.250175575978806,12.338589309457701,93.2462855490531,2.385194026400695,25.9739589118372,1,0,0,0.9557206630706787,0.9427061080932617
209,-14.357971173168291,78.99552273264462,-11.977736379868247,7.475324171592513,93.35349390581291,2.3802347933000436,21.833295344760803,1,0,0,0.9673861861228943,0.9386282563209534
210,-14.963487933657433,78.23319165900115,-11.984651748072933,3.5833289876594243,93.19667959265858,2.9788361855844996,18.546816921316857,1,0,0,0.9699333310127258,0.9366588592529297
211,-15.708224439998942,77.81213098723737,-15.396387038425614,-0.2126142175575837,93.52035542723631,0.311837401573328,15.495610222441357,1,0,0,0.9731302857398987,0.933324933052063
212,-16.45295240860399,76.5026334591842,-16.7827233336155,-3.5266360407691675,92.95558586778817,0.32977092501151156,12.926316367834824,1,0,0,0.9749964475631714,0.9663342833518982
213,-17.197673547019868,73.70414786187905,-17.210175858560692,-6.2633440043274735,90.90182140889893,0.012502311540824637,10.934329542692396,1,0,0,0.9767058491706848,0.9748514294624329
214,-17.848462508875144,74.53847595956363,-18.240590288526818,-8.658793261167343,92.38693846843877,0.3921277796516738,9.189669247707803,1,0,0,0.9797617197036743,0.9775224328041077
215,-18.499246348088544,73.06376981586617,-19.11752480942326,-10.750539570818527,91.56301616395471,0.6182784613347148,7.748706777270019,1,0,0,0.9784355163574219,0.9830625057220459
216,-19.150023357112776,70.76517210353593,-19.747092476007495,-12.549850151856322,89.9151954606487,0.5970691188947207,6.600173205256454,0,0,0,0.9787680506706238,0.982079267501831
217,-19.81385115009361,69.35247724731302,-20.20491538333178,-14.080863198151414,89.16632839740663,0.39106423323817285,5.732987951942192,0,0,0,0.9833018183708191,0.9824533462524414
218,-20.47767211288527,69.60274903888063,-20.489664317561484,-15.362623422033428,90.0804211517659,0.011992204676216464,5.11504869085184,1,0,0,0.9811690449714661,0.9800505042076111
219,-21.009310132216967,69.38323358914559,-21.538718331716844,-16.597842403970112,90.39254372136256,0.5294081994998747,4.411467728246856,1,0,0,0.9792055487632751,0.9790775179862976
220,-21.575724059707785,67.8404782707473,-22.051059811912832,-17.688485885558656,89.41620233045508,0.47533575220505025,3.887238174149129,0,0,0,0.9815378189086914,0.9799230694770813
221,-22.2599177692463,66.33650476645634,-22.444764080612714,-18.639741524569466,88.59642253570264,0.18484631136641475,3.6201762446768337,0,0,0,0.9831726551055908,0.9812754392623901
222,-22.824870036254737,67.13302093689572,-23.40275652203236,-19.592344524062046,89.95789097315046,0.5778864857776224,3.23252551219269,0,0,0,0.982978880405426,0.9774501323699951
223,-23.24584020801201,66.66130758224713,-23.43254949979145,-20.36038551920793,89.90714779025913,0.18670929177943962,2.8854546888040793,0,0,0,0.9857721924781799,0.9772154688835144
224,-23.6668069646747,66.08178652173906,-23.76237113830141,-21.040782643026628,89.74859348641375,0.09556417362671318,2.6260243216480688,0,0,0,0.9856925010681152,0.9782142639160156
225,-24.05156859609444,66.2206920788896,-23.35784446721924,-21.504195007865153,90.27226067498404,0.6937241288752013,2.5473735882292896,1,0,0,0.984015703201294,0.9780693054199219
226,-24.436330227514183,65.62182109246288,-23.27515623955439,-21.858387254203,90.05815131997707,1.1611739879597935,2.5779429733111843,1,0,0,0.9882370829582214,0.9774079918861389
227,-24.911556006943453,64.9857938769513,-23.89515817547714,-22.265741438457827,89.89734988389475,1.0163978314663167,2.645814568485627,0,0,0,0.9844136238098145,0.977666437625885
228,-25.386776663730846,63.81702556655706,-24.782542217623448,-22.76910159429095,89.2038022302879,0.6042344461074014,2.6176750694398936,0,0,0,0.9837244749069214,0.9771828055381775
229,-25.73487383968596,64.4151384019859,-24.808493887842687,-23.176980053001305,90.15001224167186,0.9263799518432708,2.557893786684659,1,0,0,0.9856771230697632,0.9767208695411682
230,-26.076729930286977,63.677443820678675,-25.223769197619,-23.58633788192484,89.75417375096565,0.8529607326679748,2.490392048362133,0,0,0,0.9819774031639099,0.9768039584159851
231,-26.418587728435284,63.37650568584792,-25.84784383962257,-24.038639073464388,89.7950934142832,0.5707438888127152,2.3799486549708933,0,0,0,0.9856066703796387,0.9765834808349609
232,-26.738718694833782,63.61443532558531,-26.089649637315098,-24.448841186234535,90.3531540204191,0.6490690575186835,2.2898775085992495,1,0,0,0.9824173450469971,0.9771415591239929
233,-27.05884966123228,63.15263257542241,-26.393915783218795,-24.83785610563139,90.21148223665469,0.6649338780134826,2.220993555600891,1,0,0,0.986000120639801,0.9775275588035583
234,-27.378978920083487,63.22809250537271,-26.68190212871122,-25.206665310247356,90.6070714254562,0.6970767913722679,2.172313609836129,1,0,0,0.9864990711212158,0.9776702523231506
235,-27.55056351731796,62.770271755495926,-26.712134372054564,-25.5077591226088,90.32083527281388,0.8384291452633987,2.0428043947091608,1,0,0,0.9840369820594788,0.9767901301383972
236,-27.722146407005145,62.68888322134605,-27.161184029044733,-25.838444103895988,90.4110296283512,0.5609623779604077,1.883702303109156,1,0,0,0.9875827431678772,0.976994514465332
237,-27.754652984812527,62.63028019826734,-27.17645330048602,-26.106045943213996,90.38493318307987,0.5781996843265063,1.648607041598532,1,0,0,0.9840986132621765,0.9766800403594971
238,-27.787161270167203,61.865667841441095,-27.15965778417344,-26.316768311405887,89.6528291116083,0.6275034859937629,1.4703929587613156,0,0,0,0.986219584941864,0.9756295084953308
239,-27.819669555521877,62.574327288586595,-27.06494159521833,-26.466402968168378,90.39399684410847,0.7547279603035482,1.3532665873535,1,0,0,0.9823731184005737,0.9759825468063354
240,-27.99785723813646,61.577952952843475,-27.397994573570976,-26.6527212892489,89.57581019097994,0.5998626645654848,1.3451359488875632,0,0,0,0.9850637912750244,0.9761196374893188
241,-28.18513761008363,62.072957252561814,-27.727912285006617,-26.867759488400445,90.25809486264544,0.4572253250770107,1.317378121683183,1,0,0,0.9826803803443909,0.976355254650116
242,-28.501228519588064,61.206315529913915,-28.281511656590478,-27.15050992203845,89.70754404950198,0.21971686299758764,1.3507185975496123,0,0,0,0.9854583740234375,0.9760629534721375
243,-28.925215927411188,60.85915067478051,-29.35674357276527,-27.59175665218382,89.7843666021917,0.4315276453540796,1.3334592752273724,0,0,0,0.9824888706207275,0.9744217991828918
244,-29.380567563903014,61.063871934773296,-28.891488942608387,-27.85170311026873,90.44443949867632,0.4890786212946283,1.5288644536342826,1,0,0,0.987319827079773,0.9745557904243469
245,-29.866491127119815,58.5560586979764,-29.80740189440634,-28.242842867096254,88.42254982509621,0.0590892327134773,1.6236482600235618,0,0,0,0.9826975464820862,0.9748080372810364
246,-30.239760965261013,59.997228612849085,-30.227685515853057,-28.63981139684762,90.2369895781101,0.012075449407953624,1.5999495684133969,1,0,0,0.9855253100395203,0.9748001098632812
247,-30.631267408486146,59.04118654415489,-30.188053074371886,-28.949459732352476,89.67245395264104,0.44321433411425726,1.6818076761336673,0,0,0,0.9828734993934631,0.9762380719184875
248,-31.122279462634605,57.848683326394855,-30.510486468990532,-29.26166507968009,88.97096278902946,0.611792993644072,1.8606143829545176,0,0,0,0.9850844740867615,0.9751235842704773
249,-31.656577840648023,58.25195818555992,-31.412496555226593,-29.691831374789395,89.90853602620794,0.24408128542142732,1.9647464658586298,0,0,0,0.9831112623214722,0.976389467716217
250,-32.22106223969831,55.854944277478964,-32.0354497009015,-30.16055504001182,88.07600651717728,0.18561253879681258,2.0605071996864948,0,0,0,0.9832251071929932,0.9742058515548706
251,-32.93253913987645,56.48729002102792,-33.10595236402935,-30.749634504815322,89.41982916090436,0.1734132241529042,2.182904635061123,0,0,0,0.9859674572944641,0.9782174825668335
252,-33.64400920986541,55.50606504486388,-33.63054062933429,-31.325815729719118,89.15007425472929,0.01346858053111585,2.3181934801462933,0,0,0,0.9833014011383057,0.9747535586357117
253,-34.3554724496652,55.650550866566334,-34.44314739766601,-31.949282063308498,90.00602331623153,0.08767494800081205,2.4061903863567045,1,0,0,0.9864628911018372,0.9749532341957092
254,-35.03719704581876,54.955148816599824,-34.85167553139994,-32.52976075692679,89.99234586241859,0.18552151441881787,2.507436288891968,0,0,0,0.983214259147644,0.9740978479385376
255,-35.59644951996482,55.74682921310683,-35.59236407639461,-33.14228142082036,91.34327873307166,0.0040854435702076764,2.4541680991444594,1,0,0,0.9858617782592773,0.9750614762306213
256,-36.04205789160562,55.32136648442298,-35.52421349609492,-33.61866783587527,91.3634243760286,0.5178443955107006,2.4233900557303505,1,0,0,0.9830361008644104,0.9742410182952881
257,-36.487662848151835,53.752564239624846,-36.45617985195582,-34.18617023909138,90.24022708777669,0.03148299619601541,2.301492609060452,1,0,0,0.9846912026405334,0.9757764935493469
258,-36.8099658147064,53.872963399219245,-36.7164870065275,-34.69223359257862,90.68292921392565,0.09347880817889374,2.1177322221277857,1,0,0,0.986281156539917,0.9740455746650696
259,-36.989319752121766,53.234381692958074,-36.97463897261423,-35.14871466858573,90.22370144507984,0.014680779507535059,1.8406050835360288,1,0,0,0.9824758768081665,0.9752470254898071
260,-37.153336499755866,53.15806798936153,-37.067461006190705,-35.53246393610673,90.3114044891174,0.08587549356516137,1.6208725636491361,1,0,0,0.9853131175041199,0.9764198064804077
261,-37.18897984193958,52.66362035006055,-37.280977441279845,-35.88216663714136,89.85260019200012,0.09199759934026651,1.3068132047982197,0,0,0,0.983984112739563,0.975816011428833
262,-37.19572806883955,53.21231335174976,-36.96153449698032,-36.09804020910915,90.40804142058931,0.23419357185922857,1.0976878597303958,1,0,0,0.9821182489395142,0.9750245213508606
263,-37.20247629573952,52.58829360879906,-37.29180207364114,-36.33679258201555,89.79076990453858,0.08932577790161958,0.8656837137239708,0,0,0,0.986960768699646,0.9761984348297119
264,-37.209224522639495,52.759386432413294,-37.33952287627671,-36.53733864086779,89.96861095505278,0.1302983536372173,0.6718858817717075,0,0,0,0.9850639700889587,0.9765048027038574
265,-37.37177960979121,53.14927070571055,-37.32241081126565,-36.694353074947365,90.52105031550175,0.04936879852556459,0.6774265348438524,1,0,0,0.9848528504371643,0.9749519228935242
266,-37.66598317810034,51.3775742765226,-37.077261449756485,-36.77093474990919,89.04355745462294,0.5887217283438619,0.8950484281911564,0,0,0,0.9841113090515137,0.9779284000396729
267,-38.29791911029909,50.31868321930635,-35.202713695213625,-36.45729053897007,88.61660232960544,3.095205415085465,1.8406285713290191,0,0,0,0.9746628403663635,0.97129887342453
268,-51.206331188746624,35.82310251738252,-48.38958976492187,-38.84375038416044,87.02943370612914,2.816741423824755,12.36258080458619,0,0,0,0.9785943031311035,0.9576762318611145
269,-67.77697117184452,19.570689585451984,-66.80933620014318,-44.43686754735698,87.34766075729651,0.9676349717013357,23.340103624487533,0,0,0,0.9775652885437012,0.9606209397315979
270,-0.0796392520003016,0.5403900529794226,-0.7202983221401225,-0.7202983221401225,0.6200293049797242,0.6406590701398208,0.6406590701398208,0,0,0,0.8957151770591736,0.9293187260627747
271,-0.053266347485201836,0.35742582697917713,-0.6779298746035067,-0.7118246326327994,0.41069217446437895,0.624663527118305,0.6585582851475976,0,0,0,0.9157645106315613,0.9331886172294617
272,-0.1195938109221465,89.4716805419885,-1.6943571633303192,-0.9083311387723034,89.59127435291066,1.5747633524081728,0.7887373278501569,0,0,0,0.8927883505821228,0.9382933378219604
273,-0.06138365045273845,89.2160129009766,-2.0908931874212735,-1.1448435485020976,89.27739655142933,2.029509536968535,1.083459898049359,0,0,0,0.9135371446609497,0.9418685436248779
274,0.12678853475868224,86.41553288843382,-1.354840750221876,-1.1868429888460534,86.28874435367513,1.4816292849805583,1.3136315236047358,0,0,0,0.8974344730377197,0.9564021229743958
275,0.20481916381763343,89.83394011518764,-1.0009223775901086,-1.1496588665948644,89.62912095137001,1.2057415414077421,1.354478030412498,0,0,0,0.9200785160064697,0.9351418614387512
276,0.2829126252808635,0.12377668813897108,1.2882826950566697,-0.6620705542645575,0.1591359371418924,1.0053700697758063,0.944983179545421,0,0,0,0.9446264505386353,0.9552797079086304
277,0.31604147067423183,0.1197499047570651,1.1029921588814176,-0.3090580116353625,0.19629156591716673,0.7869506882071858,0.6250994823095943,0,0,0,0.969619870185852,0.9613854289054871
278,0.3476282140994847,89.54825379277352,10.72775779980942,1.8983051506535937,89.20062557867404,10.380129585709934,1.550676936554109,0,0,0,0.9392271041870117,0.9482989311218262
279,0.3791910251822161,0.0009357359162917468,1.6575486731701012,1.8501538551568955,0.37825528926592433,1.278357647987885,1.4709628299746793,0,0,0,0.9577974081039429,0.9581029415130615
280,0.28612908409098414,5.817808285949706,0.6812684944405305,1.6163767830136224,5.531679201858722,0.39513941034954625,1.3302476989226384,0,0,0,0.9318007230758667,0.9709356427192688
281,0.09457714251938394,89.66869734859753,4.710380931927795,2.235177612796457,89.57412020607815,4.615803789408411,2.140600470277073,0,0,0,0.9678405523300171,0.9413700699806213
282,-0.09693110985391197,89.90278842202137,66.34248074819372,15.056638239875909,89.99971953187529,66.43941185804763,15.153569349729821,0,0,0,0.9683809876441956,0.9042649269104004
283,-0.19435203231672113,89.61068855197661,2.6265808086872453,12.57062675363818,89.80504058429334,2.8209328410039665,12.7649787859549,0,0,0,0.9653869271278381,0.922640860080719
284,-0.39027551507064767,0.22918016741060784,0.9455314198492101,10.245607686880385,0.6194556824812555,1.3358069349198576,10.635883201951033,0,0,0,0.9785807132720947,0.9667110443115234
285,-0.6738684378650149,0.6759565013994819,0.5223952565518865,8.300965200814685,1.349824939264497,1.1962636944169014,8.974833638679701,0,0,0,0.9785956740379333,0.9678672552108765
286,-1.0690177731561428,89.71576418216809,-0.6263202413374458,6.515508112384261,90.78478195532423,0.442697531818697,7.584525885540403,1,0,0,0.9768669009208679,0.9688711762428284
287,-1.3363748560457138,88.05117194935511,-1.396732024105535,4.933060085086303,89.38754680540082,0.06035716805982103,6.269434941132015,0,0,0,0.9768651723861694,0.9718073606491089
288,-1.740860046076044,86.97274655111262,-1.8609010638573724,3.5742678552975673,88.71360659718867,0.12004101778132828,5.315127901373612,0,0,0,0.9764447808265686,0.9760565757751465
289,-2.1506472771713026,86.89709537586556,-2.2662832367582304,2.4061576368864075,89.04774265303686,0.11563595958692811,4.55680491405771,0,0,0,0.9779478907585144,0.9725407958030701
290,-2.6852007200615375,86.00850825541441,-2.758072176303244,1.3733116742484772,88.69370897547596,0.0728714562417066,4.058512394310014,0,0,0,0.9778597354888916,0.97181636095047
291,-3.0885594624873445,85.967513460016,-3.113745061215096,0.4759003271557626,89.05607292250335,0.02518559872775092,3.564459789643107,0,0,0,0.9768967032432556,0.9748091697692871
292,-3.3799611591328875,85.52549093768945,-3.436859634909392,-0.3066516652572683,88.90545209682234,0.05689847577650387,3.073309493875619,0,0,0,0.9776269197463989,0.9742574691772461
293,-3.572843780303344,86.1894741174739,-3.681548750508059,-0.9816310823074265,89.76231789777725,0.1087049702047154,2.5912126979959176,0,0,0,0.9793602228164673,0.9733549952507019
294,-3.6497918377190612,85.9599524406048,-3.5176769947854574,-1.4888402648030328,89.60974427832386,0.1321148429336036,2.1609515729160287,0,0,0,0.9768779277801514,0.9733055233955383
295,-3.7415012145916453,85.35076786853136,-3.727363690865078,-1.936544950015442,89.092269083123,0.014137523726567272,1.8049562645762034,0,0,0,0.9793607592582703,0.9738056063652039
296,-3.873507853793659,84.26933718705406,-4.150764525255689,-2.3793888650634916,88.14284504084773,0.27725667146203026,1.4941189887301671,0,0,0,0.9815991520881653,0.9752610921859741
297,-4.0055144929956725,85.20917121684782,-4.243435693676908,-2.752198230786175,89.2146857098435,0.23792120068123546,1.2533162622094975,0,0,0,0.97844398021698,0.9727129340171814
298,-4.275322333136808,84.5178262992483,-4.612162253259192,-3.1241910352807785,88.79314863238511,0.33683992012238373,1.15113129785603,0,0,0,0.9809804558753967,0.9715542197227478
299,-4.509639656576912,84.06939022929112,-3.6286979348196784,-3.2250924151885583,88.57902988586802,0.8809417217572336,1.2845472413883536,0,0,0,0.9804352521896362,0.973483681678772
300,-4.8595519553039574,83.48523830052578,-5.027055692541779,-3.5854850706592027,88.34479025582974,0.16750373723782203,1.2740668846447545,0,0,0,0.9810436367988586,0.9711958765983582
301,-5.077771376643987,85.08017626418297,-5.382280197672906,-3.9448440960619435,90.15794764082695,0.30450882102891863,1.1329272805820438,1,0,0,0.9773861169815063,0.9740310907363892
302,-5.261342955871835,84.54208030099102,-5.194057794911375,-4.19468683583183,89.80342325686286,0.06728516096046061,1.0666561200400047,0,0,0,0.9795962572097778,0.9732282757759094
303,-5.4867554201815345,84.53376796077112,-5.722051337715978,-4.50015973620866,90.02052338095265,0.23529591753444268,0.9865956839728746,1,0,0,0.9838436245918274,0.9736956357955933
304,-5.712168311378058,84.05884441721261,-5.93015503095601,-4.786158795158131,89.77101272859068,0.21798671957795346,0.9260095162199269,0,0,0,0.9830337166786194,0.9743855595588684
305,-5.816095616015326,83.51880868029639,-5.989299949274007,-5.0267870259813066,89.33490429631172,0.17320433325868195,0.7893085900340189,0,0,0,0.9813873767852783,0.973344624042511
306,-5.950892814380112,83.96497712744913,-6.067671079338404,-5.234963836652726,89.91586994182924,0.11677826495829238,0.7159289777273855,0,0,0,0.9830377101898193,0.9732238054275513
307,-6.038606103701416,83.20538495966284,-6.477073510697139,-5.4833857714616085,89.24399106336426,0.43846740699572273,0.5552203322398066,0,0,0,0.9842676520347595,0.9746133089065552
308,-6.109020658289193,82.51801521216026,-6.227520215318593,-5.632212660233007,88.62703587044946,0.11849955702940011,0.4768079980561861,0,0,0,0.9825770258903503,0.974053144454956
309,-6.041523448250658,83.55574634332781,-6.194228662998289,-5.744615860786063,89.59726979157847,0.1527052147476318,0.2969075874645941,0,0,0,0.9810692667961121,0.972690224647522
310,-6.106868721813815,82.71619315092819,-6.055206670549454,-5.806734022738743,88.823061872742,0.05166205126436145,0.3001346990750732,0,0,0,0.9830350875854492,0.9733032584190369
311,-6.288854843380574,82.00482894887136,-5.6223607896990835,-5.769859376130811,88.29368379225194,0.6664940536814911,0.5189954672497626,0,0,0,0.9782149791717529,0.973553478717804
312,-6.603415790510926,81.50194944104,-6.759275443426072,-5.9677425895898635,88.10536523155093,0.15585965291514525,0.6356732009210628,0,0,0,0.9802446365356445,0.97368985414505
313,-6.815677579347413,83.09529597062058,-7.149905626487892,-6.204175196969469,89.91097354996799,0.334228047140479,0.6115023823779432,0,0,0,0.9808440804481506,0.9737390279769897
314,-7.066553415769743,82.78620942010998,-7.378892294610926,-6.439118616497761,89.85276283587973,0.31233887884118317,0.6274347992719814,0,0,0,0.9784792065620422,0.9745217561721802
315,-7.438279204271693,81.42191328434579,-7.458750147766652,-6.64304492275154,88.86019248861749,0.020470943494957768,0.7952342815201537,0,0,0,0.9826300740242004,0.9737066030502319
316,-7.945008377474001,81.30812233277338,-7.931722974690436,-6.9007805331393195,89.25313071024738,0.013285402783565636,1.0442278443346817,0,0,0,0.9804430603981018,0.9744458794593811
317,-8.495424294381356,81.34522392034489,-8.7806183083548,-7.2767480881824165,89.84064821472624,0.2851940139734445,1.2186762061989402,0,0,0,0.9765042662620544,0.9743680357933044
318,-9.045837649967773,80.75984255752894,-9.07689459182599,-7.63677738891113,89.80568020749672,0.031056941858216683,1.4090602610566423,0,0,0,0.9817231297492981,0.9754551649093628
319,-9.470709567288415,80.04987854425197,-9.681899322066755,-8.045801775542255,89.52058811154039,0.21118975477833962,1.4249077917461603,0,0,0,0.9805315136909485,0.973466694355011
320,-9.895580630835413,80.39037713475545,-10.008428431799224,-8.43832710679365,90.28595776559087,0.11284780096381232,1.4572535240417621,1,0,0,0.9800974726676941,0.9736864566802979
321,-10.203638384102266,80.65301839890995,-10.259781135945937,-8.802617912624108,90.85665678301221,0.05614275184367076,1.401020471478159,1,0,0,0.982854962348938,0.9740017056465149
322,-10.381393203478202,79.59441420963884,-10.393942597736077,-9.1208828496465,89.97580741311704,0.012549394257874187,1.2605103538317002,0,0,0,0.9782124161720276,0.9735591411590576
323,-10.559147169080491,79.51317593965071,-10.484603713004148,-9.393627022318032,90.0723231087312,0.07454345607634272,1.1655201467624599,1,0,0,0.9853755831718445,0.9739739894866943
324,-10.729815667192538,79.77488829807808,-10.588092328678282,-9.632520083590082,90.50470396527062,0.14172333851425498,1.0972955836024567,1,0,0,0.9857646822929382,0.9734213948249817
325,-10.774283613783906,79.67649259289489,-10.813428818727292,-9.868701830617525,90.4507762066788,0.03914520494338649,0.9055817831663823,1,0,0,0.9830649495124817,0.9737297892570496
326,-10.782980152144626,79.65081791180481,-10.93505279463463,-10.081972023420946,90.43379806394944,0.15207264249000604,0.7010081287236792,1,0,0,0.9862388968467712,0.9740842580795288
327,-10.785314369293477,79.47951676742089,-10.685706398879832,-10.202718898512725,90.26483113671436,0.09960797041364455,0.5825954707807525,1,0,0,0.9802581071853638,0.9746907949447632
328,-10.929062530565565,79.37316389185462,-10.964135087089158,-10.35500213622801,90.30222642242019,0.03507255652359152,0.5740603943375551,1,0,0,0.9849994778633118,0.9744946956634521
329,-11.0728115456113,78.94534133281253,-11.030895120065061,-10.490180732995421,90.01815287842383,0.041916425546240484,0.5826308126158795,1,0,0,0.9824697971343994,0.9739773869514465
330,-11.172366675406114,79.46576759662165,-11.044054964812362,-10.60095557935881,90.63813427202777,0.12831171059375177,0.571411096047303,1,0,0,0.9822676777839661,0.974177896976471
331,-11.271921805200927,79.2425638447348,-11.199240098880535,-10.720612483263157,90.51448564993574,0.0726817063203899,0.551309321937771,1,0,0,0.9823317527770996,0.9737465977668762
332,-11.247955525176998,77.67995316641928,-10.943420108525908,-10.765174008315707,88.92790869159629,0.30453541665109035,0.4827815168612909,0,0,0,0.9805312752723694,0.9741222262382507
333,-11.223990098926716,78.98421193937907,-10.927854625112186,-10.797710131675005,90.20820203830579,0.29613547381453104,0.4262799672517112,1,0,0,0.9830753803253174,0.9748440384864807
334,-11.200023818902787,78.59587470392883,-11.043062124594082,-10.84678053025882,89.79589852283162,0.15696169430870469,0.35324328864396554,0,0,0,0.9816661477088928,0.9737718105316162
335,-11.041316689574725,79.01573326239868,-10.969952114678572,-10.871414847142773,90.05704995197341,0.07136457489615153,0.16990184243195078,1,0,0,0.9815991520881653,0.9752878546714783
336,-10.882608706473016,79.32291419013083,-10.801976547696349,-10.857527187253488,90.20552289660385,0.08063215877666785,0.02508151921952685,1,0,0,0.9807174801826477,0.9744635224342346
337,-10.581802052783777,80.17048602461605,-10.642736042453906,-10.814568958293574,90.75228807739984,0.06093398967012917,0.23276690550979592,1,0,0,0.9836772680282593,0.9730923771858215
338,-10.171892518613694,80.1723643266378,-10.117454252279229,-10.675146017090706,90.34425684525151,0.05443826633446395,0.5032534984770118,1,0,0,0.9803528785705566,0.9733315110206604
339,-9.899301376385777,80.11999043608215,-9.739944918356384,-10.488105797343842,90.01929181246793,0.1593564580293921,0.5888044209580644,1,0,0,0.9834187030792236,0.9738291501998901
340,-9.509034612495004,81.212410891934,-9.760537909766892,-10.342592219828452,90.721445504429,0.251503297271889,0.8335576073334485,1,0,0,0.982535719871521,0.9727265238761902
341,-9.217080737743746,80.16963908115898,-9.323424625472741,-10.138758700957311,89.38671981890272,0.10634388772899371,0.9216779632135632,0,0,0,0.9835235476493835,0.9731521010398865
342,-8.925127716766138,81.14827541562757,-9.132012758969319,-9.937409512559713,90.07340313239371,0.20688504220318205,1.012281795793575,1,0,0,0.9848237037658691,0.9741820096969604
343,-8.590573098387864,81.0483019367461,-8.785761054232022,-9.707079820894174,89.63887503513396,0.1951879558441571,1.1165067225063101,0,0,0,0.9799204468727112,0.9740005731582642
344,-8.124049833734837,82.35041603030649,-8.314231238065158,-9.428510104328373,90.47446586404133,0.19018140433032074,1.3044602705935349,1,0,0,0.9815894961357117,0.9741199016571045
345,-7.688431467528826,82.48337932287913,-7.997866507555654,-9.14238138497383,90.17181079040796,0.3094350400268276,1.4539499174450032,1,0,0,0.9753568172454834,0.9733500480651855
346,-7.25281395509646,81.8998626017066,-7.349497202891887,-8.783804548557441,89.15267655680306,0.09668324779542628,1.5309905934609809,0,0,0,0.9807884097099304,0.9719793796539307
347,-6.941575041223673,78.88634215876196,-6.518356859131692,-8.330715010672291,85.82791719998563,0.42321818209198064,1.3891399694486182,0,0,0,0.9781648516654968,0.9725253582000732
348,-6.6020868918305355,83.36504063151189,-7.093078061212523,-8.083187620780338,89.96712752334243,0.4909911693819874,1.4811007289498026,0,0,0,0.9761763215065002,0.9712451100349426
349,-6.215543861697888,84.21210703199853,-5.5009418564367785,-7.566738467911626,90.42765089369642,0.7146020052611097,1.351194606213738,1,0,0,0.9795721173286438,0.9712206721305847
350,-5.689895064494646,85.28191273150846,-5.078652027731581,-7.069121179875618,90.9718077960031,0.6112430367630641,1.3792261153809717,1,0,0,0.9732778668403625,0.9731698036193848
351,-5.062762462829708,84.9937743711823,-5.39642638488995,-6.734582220878484,90.05653683401201,0.33366392206024215,1.6718197580487764,1,0,0,0.9756540060043335,0.9712943434715271
352,-4.453063065247581,85.41762859031661,-3.784153134061551,-6.144496403515098,89.87069165556419,0.6689099311860297,1.6914333382675177,0,0,0,0.9646116495132446,0.9709662795066833
353,-3.8433692171941543,84.99173897480964,-3.2534988292360603,-5.5662968886592905,88.83510819200379,0.5898703879580941,1.7229276714651365,0,0,0,0.9662888050079346,0.9706891179084778
354,-3.3697109661794027,85.56034539302402,-0.7849164526548926,-4.610020801458411,88.93005635920343,2.58479451352451,1.2403098352790092,0,0,0,0.9650204181671143,0.9693601131439209
355,-1.9097996525544318,84.23726261871168,-0.7297815494892619,-3.833972951064582,86.14706227126612,1.18001810306517,1.9241732985101503,0,0,0,0.96169114112854,0.9597761034965515
356,-0.04922624390039302,0.3744578374895295,-0.6656147804442982,-0.6656147804442982,0.42368408138992253,0.6163885365439052,0.6163885365439052,0,0,0,0.9041919112205505,0.9294155240058899
357,-0.21019081411515758,89.75380833584505,-1.9354159145762795,-0.9195750072706945,89.96399914996022,1.7252251004611219,0.7093841931555369,0,0,0,0.893265962600708,0.9388136863708496
358,-0.4831822027603941,88.14090014448156,-1.9232419484773626,-1.1203083955120279,88.62408234724197,1.4400597457169684,0.6371261927516338,0,0,0,0.9267102479934692,0.9563508033752441
359,-0.6693374077635049,89.57637368158646,-2.882869856657544,-1.4728206877411314,90.24571108934997,2.213532448894039,0.8034832799776265,1,0,0,0.9023995399475098,0.9487420916557312
360,-0.9439922276161171,0.29030353029305195,0.20074229732896692,-1.1381080907271117,1.2342957579091691,1.1447345249450842,0.19411586311099455,0,0,0,0.9387696385383606,0.953458309173584
361,-1.3376642676949653,89.08779658987712,-4.147527323437104,-1.7399919372691102,90.42546085757208,2.8098630557421385,0.40232766957414506,1,0,0,0.9544392824172974,0.9538776278495789
362,-1.8616713648981718,88.13353720055629,6.182153661455686,-0.15556281752415094,89.99520856545446,8.043825026353858,1.7061085473740207,0,0,0,0.9638572931289673,0.9460020661354065
363,-2.3855630959374285,87.70154139593133,2.003069354771703,0.2761636169350199,90.08710449186876,4.388632450709132,2.661726712872448,1,0,0,0.9696272611618042,0.9561471939086914
364,-2.7919495331562554,86.31529986236387,-6.804669047165957,-1.1400029158851754,89.10724939552013,4.012719514009701,1.6519466172710797,0,0,0,0.9732598066329956,0.9345822334289551
365,-3.3067238154271914,86.39414756614251,-5.520312494802506,-2.016064831668642,89.7008713815697,2.2135886793753152,1.2906589837585491,0,0,0,0.977807879447937,0.9454024434089661
366,-3.821344845328625,86.91298239587502,-4.209820849854708,-2.4548160353058552,90.73432724120364,0.3884760045260828,1.3665288100227697,1,0,0,0.9790205955505371,0.9665384888648987
367,-4.208554672678995,86.35596680868214,-3.709704275717487,-2.705793683388182,90.56452148136113,0.4988503969615075,1.5027609892908131,1,0,0,0.9781886339187622,0.972725510597229
368,-4.692653721613757,84.49841490162713,-4.831826238524055,-3.1310001944153565,89.19106862324088,0.1391725169102977,1.5616535271984007,0,0,0,0.9782059192657471,0.9764080047607422
369,-5.291751384943555,83.73219745034592,-5.527909685595004,-3.6103820926512857,89.02394883528949,0.2361583006514483,1.6813692922922692,0,0,0,0.9825772643089294,0.9744510054588318
370,-5.904677193134867,84.18690363396118,-6.242258750405802,-4.13675742420219,90.09158082709605,0.33758155727093525,1.7679197689326773,1,0,0,0.9795793294906616,0.973717451095581
371,-6.391656447465259,82.79301228852333,-6.048338755693594,-4.519073690500472,89.18466873598858,0.3433176917716649,1.8725827569647882,0,0,0,0.9778664708137512,0.9769236445426941
372,-6.770988505381665,83.08592495107932,-6.765798545777065,-4.9684186615557895,89.85691345646099,0.005189959604600684,1.8025698438258755,0,0,0,0.9808536767959595,0.9766611456871033
373,-7.245626888542314,81.76258262957852,-6.991567338178556,-5.3730483968803435,89.00820951812084,0.25405955036375755,1.8725784916619705,0,0,0,0.9803667664527893,0.9766985774040222
374,-7.852083653815978,81.1899737205105,-7.988350352888741,-5.8961087880820235,89.04205737432648,0.13626669907276334,1.955974865733954,0,0,0,0.9783438444137573,0.9766507744789124
375,-8.438054120447834,81.1371763582263,-8.33745906894109,-6.3843788442538365,89.57523047867413,0.10059505150674453,2.0536752761939967,0,0,0,0.9820579290390015,0.9752265214920044
376,-8.92555033472103,80.45898638496823,-8.68971259264732,-6.845445593932534,89.38453671968925,0.23583774207371067,2.0801047407884976,0,0,0,0.9785820841789246,0.9754472970962524
377,-9.532438255686053,79.28534814969576,-9.265112654513873,-7.329379006048802,88.81778640538181,0.2673256011721796,2.2030592496372505,0,0,0,0.9785096049308777,0.9746665358543396
378,-10.134388803654799,79.48814329634261,-10.176494969694135,-7.89880219877787,89.62253209999741,0.04210616603933638,2.23558660487693,0,0,0,0.9822924733161926,0.9759209752082825
379,-10.622645730246807,79.90701830757199,-10.627718782752387,-8.444585515572774,90.52966403781879,0.005073052505578374,2.1780602146740335,1,0,0,0.9790565967559814,0.9728645086288452
380,-11.24318549181539,77.98097326352008,-11.185616383656162,-8.99279168918945,89.22415875533548,0.057569108159229526,2.25039380262594,0,0,0,0.9816670417785645,0.9746814966201782
381,-11.726047422736734,78.17613908886403,-11.476822363719137,-9.489597824095387,89.90218651160077,0.24922505901759867,2.2364495986413466,0,0,0,0.9800589680671692,0.9748479723930359
382,-12.167424492186713,77.67415433581395,-11.987715716147058,-9.989221402505722,89.84157882800066,0.1797087760396573,2.1782030896809914,0,0,0,0.9792056679725647,0.9741492867469788
383,-12.598249773142669,77.65423067400502,-12.170436982078833,-10.425464518420345,90.25248044714769,0.42781279106383757,2.1727852547223243,1,0,0,0.9820564985275269,0.9764376282691956
384,-13.02907420032498,76.21473415547898,-12.800055325308795,-10.900382679798035,89.24380835580396,0.22901887501618198,2.1286915205269428,0,0,0,0.9782950282096863,0.9760050177574158
385,-13.361131530787965,77.06430723539101,-13.279423804313398,-11.376190904701108,90.42543876617898,0.08170772647456763,1.9849406260868572,1,0,0,0.9832927584648132,0.9751937389373779
386,-13.693188007477305,76.51111655413335,-13.278588741649978,-11.756670472090883,90.20430456161066,0.4145992658273264,1.9365175353864228,1,0,0,0.9811578392982483,0.9745663404464722
387,-14.127428383018266,75.69581053328726,-14.433133691272207,-12.29196311592715,89.82323891630553,0.3057053082539416,1.8354652670911176,0,0,0,0.9841654300689697,0.9763205647468567
388,-14.466531907383766,75.54202882412443,-14.731789126694215,-12.779928318080563,90.0085607315082,0.2652572193104482,1.686603589303204,1,0,0,0.9829879999160767,0.9777171611785889
389,-14.937724460108145,74.43990949965116,-15.232668823279402,-13.27047641912033,89.37763395975931,0.2949443631712566,1.6672480409878132,0,0,0,0.983340322971344,0.9774406552314758
390,-15.44917073270599,73.88634998817831,-15.320769235430156,-13.680534982382294,89.3355207208843,0.12840149727583658,1.768635750323696,0,0,0,0.9845179915428162,0.9771764278411865
391,-16.0915022128215,73.65977895303065,-16.55140055131586,-14.25470809616901,89.75128116585215,0.4598983384943588,1.8367941166524913,0,0,0,0.9834482669830322,0.9767858982086182
392,-16.836353124831607,72.77867771990984,-16.833133226150938,-14.770393122165396,89.61503084474144,0.003219898680670031,2.0659600026662117,0,0,0,0.9842724800109863,0.9766677618026733
393,-17.609825944558654,71.65690794119445,-17.561891127602525,-15.328692723252823,89.26673388575311,0.04793481695612924,2.2811332213058315,0,0,0,0.9839481711387634,0.9767147302627563
394,-18.38329022654924,71.5695703122775,-17.84309911504669,-15.831574001611598,89.95286053882674,0.5401911115025466,2.5517162249376417,0,0,0,0.9845007658004761,0.9773951172828674
395,-19.272497186667568,69.84948962264734,-18.682718558493992,-16.401802912988078,89.1219868093149,0.5897786281735742,2.870694273679487,0,0,0,0.982517659664154,0.9783691763877869
396,-20.161688778860263,69.0170466571737,-19.521043616899643,-17.025651053770392,89.17873543603396,0.6406451619606168,3.1360377250898663,0,0,0,0.9831695556640625,0.9783333539962769
397,-20.904837266219744,68.73451588215612,-19.929147984753005,-17.60635043996692,89.63935314837586,0.9756892814667407,3.298486826252826,0,0,0,0.9846066236495972,0.9785202145576477
398,-21.791769773344456,67.38187887930513,-20.90267136862461,-18.265614625698458,89.17364865264959,0.8890984047198495,3.5261551476460014,0,0,0,0.9802135825157166,0.9783540368080139
399,-22.690007951092834,66.48366119212426,-21.62687786092218,-18.937867272743198,89.1736691432171,1.063130090170657,3.7521406783496345,0,0,0,0.98430335521698,0.9780303239822388
400,-23.454372713561668,67.05954176180472,-22.610479292396022,-19.672389676673763,90.51391447536639,0.8438934211656487,3.781983036887906,1,0,0,0.9794902205467224,0.9777747392654419
401,-24.218728938294042,66.02667372532622,-23.428892164808392,-20.42369017430069,90.24540266362027,0.7898367734856502,3.7950387639933525,1,0,0,0.9860581755638123,0.9777748584747314
402,-24.98307491774266,64.99633285884063,-24.256539337458495,-21.19026000693225,89.97940777658329,0.7265355802841615,3.7928149108104066,0,0,0,0.9849145412445068,0.9779582619667053
403,-25.850070102680103,63.6010003434879,-25.127778944629323,-21.97776379447167,89.451070446168,0.722291158050779,3.872306308208436,0,0,0,0.9859199523925781,0.9771002531051636
404,-26.823684540561448,62.27734383328527,-26.382989930776684,-22.85880902173267,89.10102837384672,0.4406946097847637,3.964875518828778,0,0,0,0.9870889782905579,0.9756259918212891
405,-27.916745326647977,61.989362567310025,-27.58463508857041,-23.803974235100224,89.90610789395801,0.3321102380775666,4.112771091547755,0,0,0,0.9829170107841492,0.9753770232200623
406,-29.009780499525117,61.66415677035821,-28.39236229616595,-24.721651847313368,90.67393726988333,0.6174182033591671,4.28812865221175,1,0,0,0.9880025386810303,0.9768295884132385
407,-30.10278835164558,59.86391015043961,-29.780751656501792,-25.733471809151055,89.96669850208518,0.3220366951437832,4.369316542494522,0,0,0,0.9854890704154968,0.9755521416664124
408,-31.188665486272544,58.14130229081654,-31.03867675056262,-26.794512797433367,89.32996777708908,0.1499887357099239,4.394152688839176,0,0,0,0.9847155809402466,0.9747733473777771
409,-32.17861944419585,57.82853426834332,-31.59991389449229,-27.755593016845157,90.00715371253916,0.5787055497035628,4.423026427350699,1,0,0,0.9863615036010742,0.9751429557800293
410,-33.073343489616256,57.807654380050586,-32.63081136594346,-28.73063668666482,90.88099786966684,0.4425321236728,4.342706802951439,1,0,0,0.9817942380905151,0.975562334060669
411,-33.96805045956374,56.725598736264246,-33.67718804341254,-29.71994695801437,90.69364919582799,0.2908624161511978,4.248103501549373,1,0,0,0.9837967753410339,0.9752811789512634
412,-34.996188590042,54.407268607421834,-35.15996205127508,-30.807949976666514,89.40345719746384,0.1637734612330778,4.18823861337549,0,0,0,0.9860875010490417,0.9749377369880676
413,-35.89404086210227,53.92848600698228,-35.925893741080955,-31.831538729549404,89.82252686908456,0.0318528789786763,4.06250213255287,0,0,0,0.9809058904647827,0.9747518301010132
414,-36.79187605868962,53.53239650682407,-37.42783009146361,-32.950797001932244,90.3242725655137,0.6359540327739925,3.841079056757374,1,0,0,0.9826730489730835,0.9740626215934753
415,-37.594351569179835,52.795371284055506,-37.2932203015207,-33.819281661849935,90.38972285323534,0.3011312676591345,3.7750699073298932,1,0,0,0.9852384924888611,0.9756571054458618
416,-38.55142841153329,51.94010865656485,-38.550794347558295,-34.76558419899161,90.49153706809814,0.0006340639749878125,3.7858442125416714,1,0,0,0.9803445339202881,0.9770245552062988
417,-39.394768943827685,49.95561768378516,-39.7209695189324,-35.756661262979776,89.35038662761283,0.32620057510471523,3.6381076808479107,0,0,0,0.9783146381378174,0.9742605090141296
418,-40.370919089438395,49.322725525102605,-40.230287006363106,-36.65138641165644,89.693644614541,0.14063208307528982,3.7195326777819577,0,0,0,0.9781714081764221,0.972378134727478
419,-41.3470487444816,49.402771927080565,-39.68091948557336,-37.25729302643983,90.74982067156216,1.6661292589082417,4.0897557180417685,1,0,0,0.980741560459137,0.9735704064369202
420,-42.530454150267175,50.30674063354259,-26.043778108495978,-35.014590042851054,92.83719478380976,16.4866760417712,7.515864107416119,1,0,0,0.9750165939331055,0.9701705574989319
421,-41.476866734941446,54.87116481056535,-24.245124678888324,-32.86069697005851,96.3480315455068,17.231742056053122,8.616169764882935,1,0,0,0.9795557856559753,0.97366863489151
422,-0.016960103426028824,89.85975823025029,4.161613823270548,4.161613823270548,89.87671833367632,4.1785739266965765,4.1785739266965765,0,0,0,0.8930370807647705,0.9219339489936829
423,0.05726128444309197,0.16305148982594767,0.2160971326861715,3.3725104851536725,0.10579020538285569,0.15883584824307956,3.3152492007105807,0,0,0,0.9202584624290466,0.9450669288635254
424,0.13142788739156053,0.24665595345402594,0.321584281910164,2.762325244504971,0.11522806606246543,0.1901563945186035,2.6308973571134104,0,0,0,0.9553765058517456,0.9568290114402771
425,0.20560160734378335,0.9041029623678907,0.8429632267327304,2.378452840950523,0.6985013550241073,0.6373616193889471,2.1728512336067394,0,0,0,0.9388988018035889,0.9620405435562134
426,0.14197301911918583,89.87968872224839,3.645912799515463,2.631944832663511,89.73771570312921,3.5039397803962777,2.4899718135443254,0,0,0,0.9591556191444397,0.9397603273391724
427,-0.01388336417285925,87.81880891379127,-2.7017687753912174,1.5652021110525653,87.83269227796413,2.687885411218358,1.5790854752254244,0,0,0,0.9596391320228577,0.899090588092804
428,-0.06655158902424563,87.11570241044099,-0.543753638950376,1.1434109610519771,87.18225399946523,0.4772020499261304,1.2099625500762228,0,0,0,0.9652677178382874,0.9513027667999268
429,-0.11927726100258551,0.19687337263644752,1.0206980187715393,1.1188683725958897,0.31615063363903306,1.1399752797741247,1.238145633598475,0,0,0,0.9723400473594666,0.9683883786201477
430,-0.18720423935030278,0.2429544978519815,0.3418309957165989,0.9634608972200316,0.43015873720228426,0.5290352350669016,1.1506651365703344,0,0,0,0.9763627648353577,0.9648208618164062
431,-0.25511044698603236,89.83228037921934,-0.4558255456604896,0.6796036086439273,90.08739082620536,0.20071509867445725,0.9347140556299597,1,0,0,0.9690597057342529,0.9703935980796814
432,-0.29728473067674543,87.50461338178152,-0.5766697146447584,0.4283489439861903,87.80189811245826,0.27938498396801287,0.7256336746629357,0,0,0,0.9698845148086548,0.9704968333244324
433,-0.35789785708384847,88.30966045849424,0.2743060870145536,0.39754037259186303,88.66755831557809,0.632203944098402,0.7554382296757115,0,0,0,0.9710125923156738,0.9686304330825806
434,-0.5598774364551152,87.22182305957548,-0.17937991482160112,0.28215631510917016,87.7817004960306,0.3804975216335141,0.8420337515642854,0,0,0,0.9774453639984131,0.9726550579071045
435,-0.7617723321528443,88.9725029966873,-0.7381087734570457,0.07810329739592703,89.73427532884014,0.023663558695798628,0.8398756295487714,0,0,0,0.9796751737594604,0.9715954065322876
436,-0.9426162646634769,88.97589077051562,-1.0209442102429407,-0.1417062041318465,89.9185070351791,0.0783279455794637,0.8009100605316304,0,0,0,0.9774035215377808,0.9725475907325745
437,-1.123452139685323,88.65016587918689,-1.3657741717002636,-0.38651979764552996,89.77361801887221,0.24232203201494074,0.7369323420397931,0,0,0,0.9755223989486694,0.9698633551597595
438,-1.3368581986511978,87.95203175355238,-1.122139126938212,-0.5336436635040663,89.28888995220358,0.21471907171298604,0.8032145351471315,0,0,0,0.9799831509590149,0.9692826271057129
439,-1.4209410289852282,87.20909158696257,-1.310259567400696,-0.6889668442833923,88.63003261594781,0.11068146158453246,0.7319741847018361,0,0,0,0.9750550389289856,0.9698476195335388
440,-1.3649391340415302,87.18656562307987,-1.1495261564222965,-0.7810787067111733,88.5515047571214,0.21541297761923356,0.5838604273303569,0,0,0,0.9792802929878235,0.9722813367843628
441,-1.198478352623328,89.17958750213292,-1.0998932203444707,-0.8448416094378327,90.37806585475624,0.09858513227885733,0.3536367431854952,1,0,0,0.9797123670578003,0.9691157937049866
442,-1.161676439601653,87.53457742167036,-0.851004672183813,-0.8460742219870289,88.69625386127201,0.31067176741784003,0.3156022176146242,0,0,0,0.9772406220436096,0.9711130857467651
443,-1.2139556680042827,87.55628376285267,-1.0112391716763958,-0.8791072119249023,88.77023943085695,0.20271649632788702,0.3348484560793804,0,0,0,0.9801374077796936,0.9706668853759766
444,-1.2686425380893418,87.53720704450082,-1.1639242226676534,-0.9360706140734525,88.80584958259016,0.10471831542168857,0.3325719240158893,0,0,0,0.9729030132293701,0.9732672572135925
445,-1.4381368839943818,86.49033029003462,-1.1579408533265105,-0.9804446619240642,87.92846717402901,0.2801960306678712,0.45769222207031746,0,0,0,0.9778946042060852,0.9709551930427551
446,-1.4969031912829367,88.0001982475793,-1.405927077044851,-1.0655411449482215,89.49710143886225,0.09097611423808571,0.43136204633471514,0,0,0,0.981455385684967,0.9728187322616577
447,-1.4613923974578058,87.52769259098699,-1.2437195889653287,-1.101176833751643,88.9890849884448,0.21767280849247714,0.36021556370616276,0,0,0,0.976989209651947,0.9737194776535034
448,-1.3006581960501302,88.25539460553848,-1.1011896481429833,-1.101179396629911,89.55605280158862,0.1994685479071471,0.19947879942021926,0,0,0,0.9767812490463257,0.9716089367866516
449,-1.2592063115858518,87.10370859825845,-1.4143990075717932,-1.1638233188182876,88.3629149098443,0.15519269598594118,0.09538299276756426,0,0,0,0.9746296405792236,0.9705288410186768
450,-1.2646664074970424,87.39776873259501,-1.336266383826123,-1.1983119318198547,88.66243514009206,0.0715999763290809,0.06635447567718751,0,0,0,0.9803462028503418,0.9712129235267639
451,-1.4075004973591125,87.49055685246964,-1.2370286475519843,-1.206055274966281,88.89805734982875,0.1704718498071283,0.20144522239283164,0,0,0,0.9795380234718323,0.9705992937088013
452,-1.529828758507218,87.77787559009539,-1.2373032987465038,-1.2123048797223255,89.30770434860261,0.29252545976071403,0.3175238787848924,0,0,0,0.978289783000946,0.9702904224395752
453,-1.6521556322731479,87.71261313257591,-1.5308594143522676,-1.276015786648314,89.36476876484906,0.12129621792088037,0.37613984562483405,0,0,0,0.9798451066017151,0.9735029935836792
454,-1.6700847721227257,87.1289324868633,-1.926245547123588,-1.4060617387433687,88.79901725898603,0.25616077500086226,0.26402303337935695,0,0,0,0.9792430400848389,0.9701546430587769
455,-1.579892230854413,87.94442975300615,-1.1504249127571957,-1.3549343735461343,89.52432198386056,0.42946731809721744,0.22495785730827883,0,0,0,0.9799240827560425,0.9708620309829712
456,-1.505015855191325,87.12837241135136,-1.1010723716965565,-1.3041619731762186,88.6333882665427,0.4039434834947686,0.2008538820151065,0,0,0,0.9763416051864624,0.9705093502998352
457,-1.294142729190467,88.12372221871898,-1.2914840467523292,-1.3016263878914407,89.41786494790945,0.0026586824381378124,0.0074836587009737155,0,0,0,0.973170816898346,0.9733396172523499
458,-1.1792499827275669,87.67995799815408,-0.9348323763602779,-1.2282675855852083,88.85920798088165,0.24441760636728901,0.04901760285764127,0,0,0,0.9778247475624084,0.9711872935295105
459,-1.06435766315149,87.98747360515557,-0.9288963951500475,-1.1683933474981762,89.05183126830705,0.13546126800144243,0.1040356843466862,0,0,0,0.9806504845619202,0.9703766107559204
460,-0.9494658771839419,89.11189349726892,-0.6899418655761258,-1.072703051113766,90.06135937445286,0.25952401160781613,0.12323717392982432,1,0,0,0.9764056205749512,0.9707475304603577
461,-0.928493674615712,89.15413138709627,-0.40233867983573846,-0.9386301768581606,90.082625061712,0.5261549947799736,0.010136502242448681,1,0,0,0.9752348065376282,0.9697139859199524
462,-0.7721903983495236,87.4378141316988,-0.7983659737382874,-0.9105773362341861,88.21000453004832,0.026175575388763733,0.13838693788466244,0,0,0,0.9794729351997375,0.9725351929664612
463,-0.5125187190192451,88.61772931081849,-0.4558902632594841,-0.8196399216392458,89.13024802983774,0.056628455759761,0.3071212026200007,0,0,0,0.9789846539497375,0.9720289707183838
464,-0.3699770733114425,89.71650184259845,-0.1236971311027285,-0.6804513635319424,90.0864789159099,0.246279942208714,0.3104742902204999,1,0,0,0.9721102714538574,0.9684306383132935
465,-0.23507515427285774,0.047667890217518986,0.011996131101803425,-0.5419618646051932,0.28274304449037674,0.24707128537466116,0.30688671033233544,0,0,0,0.9700398445129395,0.9706283807754517
466,0.0340728055511119,89.92064936670096,0.34531843582334326,-0.3645058045194859,89.88657656114985,0.31124563027223134,0.3985786100705978,0,0,0,0.9802743792533875,0.9693553447723389
467,0.1938906477022015,89.77019395966391,0.517557139155885,-0.18809321578441174,89.57630331196172,0.32366649145368354,0.3819838634866133,0,0,0,0.9758164286613464,0.9680243730545044
468,0.44024384501713865,0.455803869720074,0.5951081206725333,-0.03145294849302275,0.015560024702935299,0.15486427565539457,0.4716967935101614,0,0,0,0.9744773507118225,0.9698683023452759
469,0.5638468435799504,89.87217551416138,0.7541903220183528,0.12567570560925237,89.30832867058143,0.1903434784384023,0.43817113797069807,0,0,0,0.9750598073005676,0.9695820808410645
470,0.5788892680098457,0.2742773451792633,0.7294910495873812,0.24643877440487813,0.3046119228305824,0.1506017815775355,0.3324504936049676,0,0,0,0.9714210033416748,0.9678213596343994
471,0.5939320659657112,0.45669974507925637,0.7469697053603854,0.34654496059597967,0.13723232088645487,0.15303763939467419,0.24738710536973157,0,0,0,0.9740128517150879,0.9686155915260315
472,0.6089745971173123,89.73882290080606,0.9575190096638017,0.46873977040954407,89.12984830368873,0.3485444125464893,0.1402348267077682,0,0,0,0.9783172011375427,0.9717527627944946
473,0.49107587372851896,0.37087441609407934,0.7344192801071937,0.5218756723490741,0.12020145763443964,0.24334340637867474,0.03079979862055506,0,0,0,0.9754005074501038,0.968069314956665
474,0.2845547254872962,89.84396683288922,0.7110426687334052,0.5597090716259402,89.55941210740193,0.42648794324610906,0.2751543461386441,0,0,0,0.9757815003395081,0.9680606126785278
475,0.03963418369614231,89.10653862895963,0.3627057804339551,0.5203084133875432,89.06690444526349,0.32307159673781277,0.4806742296914009,0,0,0,0.9793865084648132,0.9699309468269348
476,-0.2052867783117281,88.7951639650771,0.03926642080394088,0.42410001487082283,89.00045074338881,0.244553199115669,0.6293867931825509,0,0,0,0.9768054485321045,0.9699961543083191
477,-0.5423927925101173,88.40464789928161,-0.3586148682303927,0.26755703825057975,88.94704069179173,0.18377792427972456,0.8099498307606969,0,0,0,0.9690400958061218,0.9694148898124695
478,-0.8831005575569245,88.96788578880837,-0.5718113501784474,0.0996833605647743,89.85098634636529,0.3112892073784771,0.9827839181216989,0,0,0,0.9802498817443848,0.9702739119529724
479,-1.0994414634317893,87.54760259241758,-0.9948515882995669,-0.11922362920809393,88.64704405584936,0.1045898751322225,0.9802178342236954,0,0,0,0.9778820872306824,0.9676232933998108
480,-1.2302202694087871,86.73280200557008,-1.7598906231139004,-0.44735702798925525,87.96302227497887,0.5296703537051133,0.7828632414195319,0,0,0,0.9698212742805481,0.9685950875282288
481,-1.494742717071097,87.6467905995445,-0.978184519586896,-0.5535225263087834,89.14153331661561,0.516558197484201,0.9412201907623138,0,0,0,0.9796740412712097,0.9706792235374451
482,-1.8668486482890414,86.81099401118838,-1.5883192644291333,-0.7604818739328535,88.67784265947742,0.27852938385990805,1.106366774356188,0,0,0,0.9725247025489807,0.9712896347045898
483,-2.3381169734245235,85.90841866331705,-3.231883276392986,-1.2547621544248801,88.24653563674157,0.8937663029684627,1.0833548189996434,0,0,0,0.9735108017921448,0.9713430404663086
484,-2.9515699868423955,86.16861471974869,-1.9199324940984437,-1.3877962223595928,89.12018470659108,1.031637492743952,1.5637737644828027,0,0,0,0.9729503989219666,0.9656273722648621
485,-0.0424911204248584,78.3863791417062,-3.1415559536428157,-3.1415559536428157,78.42887026213106,3.0990648332179576,3.0990648332179576,0,0,0,0.8564226031303406,0.8327339887619019
486,0.0070928271191242655,82.33638682175129,22.305947324595337,1.947944702004815,82.32929399463217,22.298854497476214,1.9408518748856907,0,0,0,0.8436861634254456,0.25179311633110046
487,0.19283865182767407,89.76151278922883,1.2004829762725995,1.7984523568583721,89.56867413740116,1.0076443244449254,1.605613705030698,0,0,0,0.8612030148506165,0.8994119763374329
488,0.27910108623930546,89.55934601998563,-0.48690645822565914,1.3413805938415657,89.28024493374632,0.7660075444649647,1.0622795076022602,0,0,0,0.8633872866630554,0.9313644766807556
489,0.32440893265517345,0.9898532126330504,0.060840821258007174,1.085272639324854,0.6654442799778769,0.2635681113971663,0.7608637066696805,0,0,0,0.8338598012924194,0.9319042563438416
490,0.23201146758456326,86.83338337128768,1.7767963083396257,1.2235773731278083,86.60137190370313,1.5447848407550624,0.991565905543245,0,0,0,0.828522801399231,0.650139570236206
491,0.2614742889822066,0.8914148187675341,0.3658803054454015,1.052037959591327,0.6299405297853276,0.10440601646319489,0.7905636706091203,0,0,0,0.8382169008255005,0.938247799873352
492,0.3971834243228957,83.0493492880739,-24.53586781445966,-4.06554319521887,82.65216586375101,24.933051238782554,4.462726619541766,0,0,0,0.8388898372650146,0.5605598092079163
493,0.4098093758492081,1.0583245784019588,0.8070871682749867,-3.0910171225200993,0.6485152025527507,0.3972777924257786,3.500826498369307,0,0,0,0.9388235211372375,0.94283527135849
494,0.4225087519090981,1.5717426412358242,0.8143243550246262,-2.3099488270111546,1.1492338893267262,0.39181560311552815,2.7324575789202523,0,0,0,0.8499047756195068,0.9503030180931091
495,0.4351801135212205,0.7137090380154051,-0.28674936964953984,-1.9053089355388315,0.27852892449418465,0.7219294831707603,2.3404890490600523,0,0,0,0.9161472320556641,0.9432600736618042
496,0.5483888448277422,89.34670174055562,1.1363611972998948,-1.2969749089710865,88.79831289572788,0.5879723524721525,1.8453637537988288,0,0,0,0.8726025819778442,0.936265766620636
497,0.6805316609263327,0.4940468459349158,0.22429777499399253,-0.9927203721780706,0.1864848149914168,0.4562338859323401,1.6732520331044034,0,0,0,0.9180811047554016,0.9468181133270264
498,0.7633298287270188,75.38743432245036,-9.808263983627693,-2.7558290944679955,74.62410449372334,10.571593812354713,3.519158923195014,0,0,0,0.8644638061523438,0.9198746085166931
499,0.9780041150835477,0.29751599661317385,1.510871084525738,-1.9024890586692491,0.6804881184703738,0.5328669694421904,2.880493173752797,0,0,0,0.9073566198348999,0.9536945819854736
500,1.1058633353554823,0.309457194994766,0.2683654065352017,-1.4683181656283588,0.7964061403607163,0.8374979288202805,2.5741815009838414,0,0,0,0.9222735166549683,0.9532135128974915
501,1.3402313516058322,0.1253449902858559,1.347650932555545,-0.9051243459915782,1.2148863613199763,0.00741958094971283,2.2453556975974105,0,0,0,0.9361235499382019,0.9558212161064148
502,1.5435435649171918,1.0467374826401497,1.2039754661737543,-0.4833043835585118,0.4968060822770423,0.3395680987434376,2.026847948475704,0,0,0,0.9389880299568176,0.9562541842460632
503,1.8714338396562356,0.035952331537428585,2.6079858686783344,0.13495366688885754,1.835481508118807,0.7365520290220993,1.7364801727673782,0,0,0,0.9593003988265991,0.9634138345718384
504,2.088110918904312,0.27390718094276034,2.855319179726907,0.6790267694564674,1.8142037379615517,0.7672082608225947,1.4090841494478445,0,0,0,0.9601715803146362,0.9620253443717957
505,2.440199486655653,0.6102562180820417,2.9011078403982813,1.1234429836448305,1.8299432685736112,0.46090835374262845,1.3167565030108226,0,0,0,0.9630149006843567,0.9634634852409363
506,2.913589012415247,1.2453067699031701,2.7916073268388493,1.4570758522836342,1.668282242512077,0.12198168557639776,1.4565131601316128,0,0,0,0.964566707611084,0.9650694131851196
507,3.490021760201415,2.1841066663679025,3.4330090351952194,1.8522624888659516,1.305915093833513,0.057012725006196294,1.6377592713354638,0,0,0,0.9666847586631775,0.9650135636329651
508,4.06634885349886,2.4562758309711588,3.9985680439641262,2.2815235998855865,1.6100730225277011,0.06778080953473398,1.7848252536132734,0,0,0,0.968292772769928,0.9659892320632935
509,4.6426072180177815,3.0576432515395164,4.724020790797901,2.77002303806805,1.5849639664782649,0.08141357278011967,1.8725841799497314,0,0,0,0.9698814153671265,0.9686188101768494
510,5.322062483819602,4.455165482851475,5.236065965029542,3.2632316234603485,0.8668970009681272,0.0859965187900608,2.058830860359254,0,0,0,0.9738291501998901,0.9709034562110901
511,6.094906499256185,4.997416762379727,5.987189463981594,3.8080231915645975,1.0974897368764582,0.10771703527459027,2.286883307691587,0,0,0,0.9749335646629333,0.9754953980445862
512,6.753766183389478,5.439359029983524,6.429268440724764,4.332272241396631,1.3144071534059545,0.3244977426647154,2.421493941992847,0,0,0,0.9764145612716675,0.9755600690841675
513,7.412620744880894,7.0978442199048635,7.308495107678757,4.927516814653057,0.31477652497603076,0.10412563720213741,2.485103930227838,0,0,0,0.9815938472747803,0.976695716381073
514,7.938107325091349,7.06278229757425,7.39328019750406,5.420669491223258,0.8753250275170997,0.5448271275872888,2.517437833868091,0,0,0,0.9825153350830078,0.9765357375144958
515,8.332207532653793,7.299331812212478,8.633009766313837,6.063137546241374,1.0328757204413146,0.3008022336600434,2.269069986412419,0,0,0,0.9801022410392761,0.9769120812416077
516,8.6141389585717,7.453386728942116,8.369829730390535,6.524475983071206,1.1607522296295858,0.24430922818116743,2.0896629755004956,0,0,0,0.9822882413864136,0.9776207804679871
517,8.894259530585911,8.579726757985885,9.046699120428935,7.028920610542752,0.31453277260002593,0.15243958984302466,1.865338920043159,0,0,0,0.9837877750396729,0.9781627058982849
518,9.278868336522974,9.501478715725677,9.471358580525786,7.517408204539358,0.22261037920270182,0.19249024400281006,1.7614601319836165,0,0,0,0.9833731651306152,0.9758749008178711
519,9.6634745811391,9.62040767710123,9.82603688825765,7.979133941283018,0.04306690403786915,0.16256230711855169,1.6843406398560825,0,0,0,0.981965959072113,0.9761082530021667
520,10.13859107754165,10.051895486406679,10.43444888730204,8.470196930486821,0.08669559113497184,0.29585780976038834,1.6683941470548278,0,0,0,0.9834491610527039,0.9760560989379883
521,10.613702451302322,10.893465292158751,10.992333156263918,8.97462417564224,0.2797628408564298,0.37863070496159595,1.6390782756600808,0,0,0,0.9844799637794495,0.9759680032730103
522,11.088813825062994,11.303542165963501,11.378525799528411,9.455404500419476,0.21472834090050713,0.289711974465417,1.6334093246435166,0,0,0,0.983958899974823,0.9761066436767578
523,11.666287536367355,12.68470886897763,12.21103390445366,10.006530381226314,1.018421332610275,0.5447463680863059,1.6597571551410404,0,0,0,0.9838685393333435,0.976860523223877
524,12.251153219900962,12.558408425940339,12.684415805719683,10.542107466124989,0.30725520603937734,0.43326258581872185,1.7090457537759727,0,0,0,0.9852877855300903,0.9758387804031372
525,12.836015488339983,13.036040139504745,13.142946628768607,11.062275298653713,0.20002465116476217,0.3069311404286235,1.7737401896862706,0,0,0,0.9845757484436035,0.975609540939331
526,13.407463265249099,14.425456857262603,13.879260559076705,11.625672350738313,1.017993592013503,0.47179729382760494,1.7817909145107875,0,0,0,0.9839692115783691,0.9773086905479431
527,13.978906773289985,14.214833460053274,14.196953631240639,12.139928606838778,0.23592668676328793,0.21804685795065287,1.838978166451206,0,0,0,0.9859237670898438,0.97639000415802
528,14.550346866236286,14.4329512823294,14.79573892386722,12.671090670244466,0.11739558390688666,0.24539205763093372,1.8792561959918188,0,0,0,0.9846889972686768,0.9765554070472717
529,15.121782690314355,15.380001406981272,15.124577861571897,13.161788108509954,0.25821871666691704,0.002795171257541516,1.9599945818044002,0,0,0,0.9827094078063965,0.9760876893997192
530,15.582740204567468,15.980397233140195,16.165013669586198,13.762433220725205,0.3976570285727274,0.5822734650187299,1.820306983842264,0,0,0,0.9852710962295532,0.9770305156707764
531,16.187780559362,16.683925500671727,16.70550236153925,14.351047048888013,0.49614494130972625,0.5177218021772494,1.8367335104739868,0,0,0,0.9833380579948425,0.9776771664619446
532,16.794154508591976,16.36342741160534,17.326310281399444,14.946099695390298,0.4307270969866366,0.532155772807467,1.8480548132016783,0,0,0,0.9822606444358826,0.9778932929039001
533,17.302595497955018,17.357599011341133,18.027977244261656,15.562475205164573,0.05500351338611268,0.7253817463066362,1.7401202927904464,0,0,0,0.9853535294532776,0.9784239530563354
534,17.777129720730827,17.054879904684288,18.45416386187678,16.140812936507015,0.7222498160465358,0.6770341411459542,1.6363167842238115,0,0,0,0.9825411438941956,0.9767264127731323
535,18.39218484039589,19.45910990762336,19.26406280976233,16.765462911158078,1.0669250672274744,0.871877969366442,1.6267219292378108,0,0,0,0.9835483431816101,0.9784180521965027
536,19.03857686797297,18.988446694559663,19.565879633889917,17.325546255704445,0.05013017341330859,0.5273027659169475,1.7130306122685233,0,0,0,0.9822529554367065,0.9782650470733643
537,19.801748054884346,20.646787596734786,20.366711685923597,17.933779341748277,0.8450395418504401,0.5649636310392523,1.867968713136068,0,0,0,0.9840569496154785,0.9787043333053589
538,20.678126212194094,21.196993485325162,21.526625601903458,18.652348593779315,0.5188672731310662,0.8484993897093651,2.0257776184147795,0,0,0,0.9822453260421753,0.9785893559455872
539,21.43733418183957,21.712455909154976,22.283046004033604,19.378488075830173,0.27512172731540613,0.8457118221940344,2.0588461060093954,0,0,0,0.981766402721405,0.9783410429954529
540,22.23094069169252,21.17510272903527,22.97416814986673,20.097624090637485,1.0558379626572512,0.7432274581742108,2.1333166010550366,0,0,0,0.9856012463569641,0.9786327481269836
541,22.925178194405543,23.015092512186882,23.71708118594995,20.821515509699985,0.08991431778134036,0.7919029915444106,2.103662684705561,0,0,0,0.9818971157073975,0.978966474533081
542,23.619408866929394,22.973942329984848,24.568676660368514,21.570947739833688,0.645466536944545,0.9492677934391192,2.0484611270957047,0,0,0,0.9833223819732666,0.9781358242034912
543,24.355798882105148,23.603171799724983,25.132786898491442,22.28331557156524,0.7526270823801675,0.7769880163862919,2.0724833105399076,0,0,0,0.9843364953994751,0.9788652658462524
544,24.954538387390343,24.379940185726557,25.464636906400678,22.91957983853233,0.5745982016637852,0.5100985190103327,2.0349585488580164,0,0,0,0.9807234406471252,0.9783570170402527
545,25.410743797528422,24.327658502724695,25.873407769063263,23.51034542463852,1.0830852948037244,0.46266397153484295,1.9003983728899025,0,0,0,0.9847525954246521,0.9786051511764526
546,25.83914692264996,26.28330558663943,25.966102033818355,24.001496746474487,0.4441586639894667,0.12695511116839148,1.8376501761754738,0,0,0,0.9842450022697449,0.9789096713066101
547,26.22708971467564,25.786243692433626,26.433408619971374,24.487879121173865,0.44084602224201047,0.2063189052957362,1.7392105935017699,0,0,0,0.9823352694511414,0.9786229133605957
548,26.505175744090828,25.46032243316625,26.621182605061016,24.914539817951297,1.0448533109245781,0.1160068609701868,1.5906359261395293,0,0,0,0.9845103621482849,0.9789839386940002
549,26.767374753496572,26.15358834146984,26.891217841495898,25.309875422660223,0.6137864120267333,0.12384308799932675,1.45749933083635,0,0,0,0.9823366403579712,0.9786484837532043
550,27.178284056606415,27.139491997215327,27.021744793137763,25.65224929675573,0.038792059391087416,0.15653926346865207,1.526034759850682,0,0,0,0.9822857975959778,0.9785661697387695
551,27.68011513040018,28.370932415886315,27.662035969735346,26.054206631351658,0.6908172854861372,0.01807916066483064,1.6259084990485202,0,0,0,0.98292475938797,0.9789918065071106
552,28.181944496646647,27.20955778526861,28.39511289653126,26.52238788438758,0.9723867113780353,0.21316839988461453,1.659556612259068,0,0,0,0.9835166335105896,0.9791457653045654
553,28.77581236950633,29.348212957804662,28.730213763250223,26.963953060160108,0.5724005882983336,0.04559860625610808,1.811859309346221,0,0,0,0.9828476905822754,0.9783289432525635
554,29.252726913207887,29.55936142580644,29.071316550227035,27.385425758173497,0.30663451259855246,0.1814103629808519,1.8673011550343888,0,0,0,0.9839807152748108,0.9786972403526306
555,29.72964145690944,29.83962457801957,29.546574338810615,27.817655474300924,0.10998312111013032,0.18306711809882759,1.911985982608519,0,0,0,0.9807993173599243,0.9792110323905945
556,30.35406759611576,30.81272845926046,29.87590526849721,28.22930543314018,0.45866086314469623,0.47816232761855526,2.1247621629755806,0,0,0,0.983964204788208,0.9785747528076172
557,31.087407931827105,32.479571239404954,31.31730183434603,28.846904713381353,1.392163307577849,0.22989390251892425,2.2405032184457547,0,0,0,0.9823789000511169,0.9785159826278687
558,31.922289274834444,32.82907543432909,32.11302684241713,29.50012913918851,0.9067861594946478,0.1907375675826813,2.422160135645937,0,0,0,0.9843818545341492,0.9766407608985901
559,32.78714831810897,33.66797975875757,32.989364325546184,30.19797617646004,0.8808314406485994,0.202216007437215,2.589172141648929,0,0,0,0.9822721481323242,0.9781309962272644
560,33.74787931166838,34.12070860260811,33.904373774026034,30.93925569597324,0.372829290939731,0.15649446235766112,2.808623615695138,0,0,0,0.9837400317192078,0.9770481586456299
561,34.813928407134796,35.57618776379198,35.043525083873355,31.76010957355326,0.762259356657178,0.22959667673855702,3.053818833581535,0,0,0,0.9824362993240356,0.9772212505340576
562,35.879953596939124,35.670881506445035,35.94540741038637,32.59716914091989,0.2090720904940903,0.06545381344725315,3.2827844560192374,0,0,0,0.9845595955848694,0.9777114987373352
563,36.958723919734695,37.20252069196913,36.62764095357876,33.40326350345167,0.24379677223443513,0.33108296615592725,3.555460416283027,0,0,0,0.9834545850753784,0.9754464030265808
564,37.921179536059526,37.9936410129642,37.315324629529286,34.18567572866719,0.07246147690466527,0.6058549065302441,3.735503807392337,0,0,0,0.9825131893157959,0.9747689366340637
565,38.73219619810684,39.08327475163467,38.39380938735133,35.027302460404016,0.3510785535278254,0.33838681075550825,3.7048937377028226,0,0,0,0.9828736186027527,0.9732985496520996
566,39.64213790499804,40.513605156294545,39.48494662109809,35.91883129254283,0.8714672512965119,0.15719128389994552,3.723306612455202,0,0,0,0.9809864163398743,0.9736737012863159
567,40.4362430186604,40.21749938030157,40.109519939516545,36.75696902193757,0.21874363835882837,0.3267230791438529,3.6792739967228245,0,0,0,0.9833939671516418,0.9728314876556396
568,41.330697271608585,41.750665113105164,41.21676082139158,37.64892738182838,0.419967841496574,0.11393645021700914,3.6817698897802136,0,0,0,0.9819822311401367,0.9743967652320862
569,42.111162497498434,41.28325819272826,42.01764093291127,38.522670092044955,0.8279043047701706,0.09352156458716165,3.588492405453482,0,0,0,0.9811633229255676,0.972968578338623
570,42.867872325454975,41.8496004032328,42.884647348446286,39.39506554332523,1.018271922222181,0.01677502299130855,3.472806782129752,0,0,0,0.9838805794715881,0.972828209400177
571,43.47387061428061,44.1898895902568,43.64565065612823,40.24518256588583,0.7160189759761917,0.17178004184762513,3.2286880483947784,0,0,0,0.9830259680747986,0.9721574783325195
572,43.927224420440204,44.77233397172964,44.2809118274742,41.0523284182035,0.8451095512894327,0.35368740703399404,2.8748960022366945,0,0,0,0.9836347103118896,0.9721768498420715
573,44.49524002729139,45.35922480635215,44.95950862222274,41.833764459007355,0.863984779060763,0.46426859493134987,2.661475568284029,0,0,0,0.9823760390281677,0.9712097644805908
574,45.19266381325222,47.146562368739424,46.08677294056007,42.6843661553179,1.9538985554872077,0.8941091273078485,2.508297657934318,0,0,0,0.9794734120368958,0.9659475088119507
575,45.757066250032466,47.139018424801144,41.99183818485352,42.54586056122502,1.3819521747686798,3.765228065178941,3.2112056888074454,0,0,0,0.9813265204429626,0.9603772163391113
576,51.545842816915034,52.63628251790757,36.03840159762948,41.24436876850592,1.0904397009925357,15.507441219285553,10.301474048409114,0,0,0,0.9753109812736511,0.952548623085022
577,50.550151500088916,50.28399610360644,35.105723325009244,40.01663967980659,0.2661553964824719,15.444428175079672,10.533511820282326,0,0,0,0.9741102457046509,0.9466275572776794
578,50.008206725299665,50.47140624914784,33.28811205892899,38.67093415563107,0.4631995238481697,16.720094666370684,11.337272569668599,0,0,0,0.9760048985481262,0.941913902759552
579,48.59444635956624,48.45905151964907,30.269914484956992,36.99073022149626,0.13539483991716275,18.324531874609246,11.603716138069979,0,0,0,0.9773550629615784,0.9533538222312927
580,47.03163760576479,46.836574233258396,29.89052617923954,35.57068941304492,0.19506337250639416,17.141111426525253,11.460948192719872,0,0,0,0.9775589108467102,0.9593053460121155
581,45.451278680890994,43.841775338828754,29.868572859052655,34.43026610224646,1.6095033420622398,15.58270582183834,11.02101257864453,0,0,0,0.9793380498886108,0.9662405848503113
582,43.93589534559153,42.71073699340967,28.349033514564038,33.21401958470998,1.2251583521818672,15.586861831027493,10.721875760881549,0,0,0,0.9799318909645081,0.9672688245773315
583,42.55902483156534,41.84736351627962,27.598091516123066,32.090833970992605,0.7116613152857235,14.960933315442277,10.468190860572742,0,0,0,0.9803870320320129,0.9687763452529907
584,41.11862672806886,39.910878528081355,26.157687590547123,30.90420469490351,1.2077481999875046,14.96093913752174,10.214422033165354,0,0,0,0.9804850220680237,0.9674543738365173
585,39.5349346708801,38.19544578218139,24.690182906459803,29.66140033721477,1.3394888886987106,14.844751764420298,9.873534333665333,0,0,0,0.9791494011878967,0.9689745306968689
586,37.87410245720522,36.31327445826307,24.032870374798826,28.535694344731585,1.5608279989421439,13.841232082406387,9.338408112473632,0,0,0,0.9796794056892395,0.971464991569519
587,35.98112577401994,33.76387219960996,21.9930683876765,27.227169153320567,2.217253574409974,13.988057386343437,8.753956620699368,0,0,0,0.9798336625099182,0.9717546701431274
588,33.967507459524725,31.774152717020623,19.41982624936179,25.665700572528813,2.1933547425041,14.547681210162931,8.30180688699591,0,0,0,0.9798665046691895,0.9737019538879395
589,31.767841622227532,29.994796230678507,17.724481358999387,24.077456729822927,1.773045391549025,14.043360263228143,7.690384892404603,0,0,0,0.9809578657150269,0.9736236333847046
590,29.22272872237319,25.14381146702786,16.968281440779307,22.655621672014206,4.0789172553453295,12.254447281593883,6.567107050358985,0,0,0,0.978067934513092,0.973798930644989
591,26.647224895806875,22.720178604204072,14.464932508315586,21.017483839274487,3.927046291602804,12.182292387491291,5.629741056532394,0,0,0,0.9783742427825928,0.976185142993927
592,24.004920111610545,20.548538740618735,11.549907540544195,19.123968579528427,3.45638137099181,12.455012571066352,4.880951532082119,0,0,0,0.9777371287345886,0.9747841954231262
593,21.345206882767148,16.391028206041362,10.151973640249087,17.329569591672563,4.954178676725784,11.193233242518057,4.015637291094585,0,0,0,0.9758186936378479,0.9769712090492249
594,18.814855729256493,15.399940436715832,8.401947644073712,15.544045202152791,3.4149152925406625,10.412908085182783,3.270810527103703,0,0,0,0.9757413864135742,0.9756286144256592
595,16.168090831532147,11.769726482478966,4.677744715192815,13.370785104760797,4.39836434905318,11.490346116339332,2.7973057267713495,0,0,0,0.975744366645813,0.9746993780136108
596,13.411452095724387,10.783183350272433,3.814097596803106,11.45944760316926,2.628268745451954,9.59735449892128,1.9520044925551288,0,0,0,0.9694378972053528,0.9707246422767639
597,10.750821060211267,7.869317074865566,2.3309252181764792,9.633743126170703,2.8815039853457005,8.419895842034787,1.117077934040563,0,0,0,0.9689850211143494,0.9653300642967224
598,8.038860299311853,5.416844592045046,-0.14401297109908254,7.678191906716747,2.6220157072668075,8.182873270410937,0.36066839259510636,0,0,0,0.9571792483329773,0.9439786672592163
599,5.230222906465965,3.434466709039824,-2.682749262734668,5.606003672826464,1.7957561974261405,7.912972169200633,0.37578076636049984,0,0,0,0.9496510624885559,0.9040729403495789
600,2.364700923447859,1.6243565489077845,-6.005275294802038,3.283747879300764,0.7403443745400747,8.369976218249898,0.9190469558529052,0,0,0,0.943570077419281,0.9349486231803894
601,-0.6037236757494534,84.42523625485961,-11.246220859479546,0.3777541315447022,85.02895993060906,10.642497183730093,0.9814778072941557,0,0,0,0.9103681445121765,0.9693872332572937
602,-2.640664685021881,83.81740406024184,-11.87033571577441,-2.0718638379191208,86.45806874526372,9.22967103075253,0.5688008471027606,0,0,0,0.8587409853935242,0.9680197238922119
603,-4.010193599463954,83.65530318066992,-12.803626739684553,-4.218216418272207,87.66549678013388,8.793433140220598,0.20802281880825296,0,0,0,0.8333104252815247,0.9701579213142395
604,-4.975465388160951,83.42210686202735,-12.596952480223907,-5.893963630662547,88.3975722501883,7.621487092062956,0.9184982425015961,0,0,0,0.8959255218505859,0.9657116532325745
605,-5.823260484454669,84.11526860994609,-13.316734509596671,-7.3785178064493735,89.93852909440076,7.493474025142002,1.5552573219947048,0,0,0,0.8253874778747559,0.9680159091949463
606,-6.7466901074093455,82.89034931438518,-12.811501349101686,-8.465114514979836,89.63703942179453,6.064811241692341,1.7184244075704913,0,0,0,0.8844995498657227,0.9602423310279846
607,-7.597496036466568,81.37494890361279,-12.662037534807054,-9.30449911894528,88.97244494007936,5.064541498340486,1.7070030824787124,0,0,0,0.9343128204345703,0.9631845355033875
608,-8.250421993758414,81.09064910960018,-12.948213580044534,-10.033242011165132,89.34107110335859,4.697791586286121,1.7828200174067192,0,0,0,0.8957722783088684,0.9637649059295654
609,-8.730151429171661,82.2654553072207,-12.790286741754722,-10.584650957283051,90.99560673639238,4.0601353125830615,1.8544995281113914,1,0,0,0.8086665868759155,0.9656570553779602
610,-9.170958177825943,80.1259941723626,-12.834786905586743,-11.03467814694379,89.29695235018853,3.6638287277607993,1.863719969117847,0,0,0,0.7852662801742554,0.9624879360198975
611,-9.39169537764877,79.57557654790794,-12.217575947189989,-11.27125770699303,88.96727192555672,2.82588056954122,1.8795623293442607,0,0,0,0.9334108233451843,0.965684175491333
612,-9.36827380521115,80.74485712248993,-12.60975244956754,-11.538956655507933,90.11313092770109,3.241478644356391,2.1706828502967848,1,0,0,0.9480382204055786,0.963404655456543
613,-9.325958221981981,81.29440731292,-12.733418922886608,-11.77784910898367,90.62036553490198,3.4074607009046276,2.4518908870016887,1,0,0,0.9520180225372314,0.9639267325401306
614,-9.268938095243422,81.63852590368357,-12.867200592461563,-11.99571940567925,90.907463998927,3.5982624972181405,2.7267813104358267,1,0,0,0.9450644850730896,0.9629765152931213
615,-9.176727126353665,80.97765045997149,-12.527809196663192,-12.10213736387604,90.15437758632515,3.3510820703095283,2.925410237522375,1,0,0,0.9327073097229004,0.9661595821380615
616,-9.014986539260471,81.05781639025993,-12.32069783220344,-12.145849457541521,90.07280292952039,3.305711292942968,3.13086291828105,1,0,0,0.9455548524856567,0.968035101890564
617,-8.856415159942163,81.83311799313724,-12.101781958243546,-12.137035957681928,90.68953315307941,3.2453667983013825,3.2806207977397652,1,0,0,0.949635922908783,0.9676164984703064
618,-8.777140569340409,81.59018182473822,-12.0655563651722,-12.122740039179982,90.36732239407864,3.2884157958317917,3.345599469839572,1,0,0,0.9435864686965942,0.9669486284255981
619,-8.604607429584949,82.23367443701264,-12.1362521795038,-12.125442467244747,90.83828186659758,3.531644749918852,3.5208350376597988,1,0,0,0.915579080581665,0.965944766998291
620,-8.44410481427882,83.40561878537093,-12.36153188387096,-12.172660350569993,91.84972359964975,3.917427069592142,3.7285555362911733,1,0,0,0.8508960604667664,0.9678041338920593
621,-8.36790637012451,83.35418746092074,-11.308561707128776,-11.999840621881749,91.72209383104526,2.9406553370042645,3.6319342517572393,1,0,0,0.8776159882545471,0.9662848711013794
622,-8.316054989040358,81.95576770006316,-11.40102419249395,-11.880077336004193,90.27182268910352,3.08496920345359,3.5640223469638332,1,0,0,0.9256309270858765,0.9674840569496155
623,-8.250444191873216,82.94433512958496,-11.942607973449972,-11.892583463493347,91.19477932145817,3.692163781576756,3.6421392716201315,1,0,0,0.9492102861404419,0.9707133769989014
624,-8.168057596330875,82.42852607365477,-11.95787562601357,-11.905641895997393,90.59658366998563,3.789818029682692,3.7375842996665165,1,0,0,0.9539141058921814,0.9706729650497437
625,-8.132020664496242,82.98646373638559,-11.54221976819414,-11.832957470436742,91.11848440088184,3.410199103697898,3.7009368059404997,1,0,0,0.9538893699645996,0.971290647983551
626,-8.001737367399189,83.52800211491922,-11.228252767671327,-11.712016529883659,91.52973948231842,3.226515400272138,3.7102791624844715,1,0,0,0.9541578888893127,0.9682000279426575
627,-7.960270435174395,82.35887180449897,-11.523171634147364,-11.674247550736402,90.31914223967337,3.562901198972969,3.7139771155620065,1,0,0,0.9508163928985596,0.9709152579307556
628,-7.9187471538889485,82.57061449895853,-11.367015350024376,-11.612801110593997,90.48936165284749,3.448268196135427,3.6940539567050497,1,0,0,0.9579780697822571,0.9713142514228821
629,-8.017242750588764,82.4154667519617,-11.283685475149277,-11.546977983505055,90.43270950255047,3.266442724560514,3.5297352329162908,1,0,0,0.9600367546081543,0.9704297184944153
630,-8.115657238792185,81.97974849423908,-11.166203365301845,-11.470823059864413,90.09540573303126,3.0505461265096607,3.3551658210722297,1,0,0,0.9631515741348267,0.9713988304138184
631,-7.901675949832147,82.31879908463851,-11.000224150466838,-11.3767032779849,90.22047503447065,3.0985482006346903,3.4750273281527515,1,0,0,0.9647775888442993,0.9713646769523621
632,-7.406773249177717,82.83729240491252,-10.145354183881922,-11.130433459164307,90.24406565409024,2.738580934704206,3.7236602099865883,1,0,0,0.9564008116722107,0.9715206027030945
633,-6.740360656482859,84.10307672227762,-10.318905848911688,-10.968127937113783,90.84343737876048,3.578545192428829,4.227767280630926,1,0,0,0.9644882082939148,0.9703136682510376
634,-6.0493730431542945,84.57156622763796,-9.34470077610036,-10.643442504911098,90.62093927079226,3.2953277329460664,4.5940694617568045,1,0,0,0.9669561982154846,0.9707964062690735
635,-5.664461574459634,84.66906034785073,-9.216715551853667,-10.358097114299614,90.33352192231035,3.5522539773940336,4.693635539839979,1,0,0,0.9683940410614014,0.9712892770767212
636,-5.462506114193874,85.13438064543618,-9.206212904739262,-10.127720272387544,90.59688675963005,3.7437067905453882,4.6652141581936695,1,0,0,0.9615128040313721,0.9695355892181396
637,-5.3988338100905455,84.85861858788608,-8.520057796205704,-9.806187777151177,90.25745239797664,3.121223986115157,4.407353967060631,1,0,0,0.9578163027763367,0.9700469374656677
638,-5.295505427666123,85.47124557530121,-8.305868716917425,-9.506123965104425,90.76675100296734,3.010363289251301,4.210618537438303,1,0,0,0.9649848937988281,0.9704136848449707
639,-5.017033919449649,86.53066255708355,-8.056214425221437,-9.21614205712783,91.5476964765332,3.039180505771788,4.199108137678179,1,0,0,0.9665034413337708,0.9690436720848083
640,-4.593309900796391,85.08897354783394,-7.7204715639595065,-8.917007958494166,89.68228344863033,3.127161663163115,4.323698057697774,0,0,0,0.9532753825187683,0.9718486666679382
641,-4.225388100775314,86.49993353600766,-6.897477244579367,-8.513101815711206,90.72532163678298,2.672089143804052,4.287713714935892,1,0,0,0.9483807682991028,0.9630504846572876
642,-3.8512892484236074,86.88508790330468,-6.316202546773818,-8.073721961923727,90.73637715172829,2.46491329835021,4.222432713500121,1,0,0,0.9585957527160645,0.9727525115013123
643,-3.514308632229511,87.49226439976213,-5.653909162576603,-7.5897594020543035,91.00657303199165,2.139600530347092,4.075450769824792,1,0,0,0.9388957023620605,0.9716466069221497
644,-3.233177832548375,87.45953413325944,-5.228843966587374,-7.117576314960918,90.6927119658078,1.995666134038999,3.884398482412543,1,0,0,0.9469040632247925,0.9717571139335632
645,-3.0389315214214436,87.36072861672604,-6.062384915239349,-6.906538035016605,90.39966013814747,3.023453393817906,3.867606513595161,1,0,0,0.9623862504959106,0.9647952318191528
646,-2.844458319948021,87.35264167274873,-4.903638865001697,-6.505958201013623,90.19709999269675,2.0591805450536764,3.6614998810656023,1,0,0,0.9650623798370361,0.9716584086418152
647,-2.6635825310082124,87.5002898720369,-4.813045847339554,-6.16737573027881,90.16387240304512,2.1494633163313415,3.5037931992705977,1,0,0,0.9682807326316833,0.9735242128372192
648,-2.4827227503242715,87.46021032198726,-4.593799076584825,-5.852660399540014,89.94293307231153,2.111076326260554,3.3699376492157413,0,0,0,0.9719217419624329,0.9734489917755127
649,-2.2668095850461785,87.10626308900804,-4.452536171179699,-5.5726355538679515,89.37307267405421,2.18572658613352,3.305825968821772,0,0,0,0.9678692817687988,0.9738050699234009
650,-2.0710025756938992,86.90824224459102,-4.317018754912056,-5.321512194076773,88.97924482028492,2.2460161792181577,3.2505096183828734,0,0,0,0.9693343639373779,0.9722548723220825
651,-1.7515863245590202,87.9058596747631,-3.887525081713469,-5.034714771604113,89.6574459993221,2.135938757154449,3.2831284470450925,0,0,0,0.9598462581634521,0.9745717644691467
652,-1.5506720412548638,86.24734631031143,-3.8183041939223887,-4.791432656067769,87.79801835156628,2.267632152667525,3.2407606148129053,0,0,0,0.969582200050354,0.97061687707901
653,-1.3812869783765442,86.18385287178698,-3.3668663568309394,-4.506519396220403,87.56513985016353,1.9855793784543956,3.125232417843859,0,0,0,0.9715659022331238,0.973233163356781
654,-1.3088861194007628,87.76974766498307,-3.3696257354281203,-4.279140664061946,89.07863378438384,2.060739616027358,2.9702545446611834,0,0,0,0.9730225205421448,0.972607433795929
655,-1.1021801558455528,87.47563288913315,-4.198340530988349,-4.262980637447227,88.57781304497871,3.0961603751427966,3.1608004816016737,0,0,0,0.9726274013519287,0.9697281122207642
656,-1.0578753867423247,87.26938166676628,-2.7657296680587025,-3.9635304435695224,88.3272570535086,1.707854281316378,2.9056550568271975,0,0,0,0.9749578833580017,0.9700342416763306
657,-0.972612961394292,88.88320510347856,-2.5053976013603045,-3.6719038751276787,89.85581806487285,1.5327846399660126,2.6992909137333867,0,0,0,0.9754837155342102,0.9716498851776123
658,-0.9225436193532788,89.57654443631571,-2.47810145890806,-3.4331433918837555,90.49908805566899,1.555557839554781,2.5105997725304765,1,0,0,0.9753887057304382,0.9700994491577148
659,-0.8919913827830184,88.55686549512451,-2.2216174666966193,-3.1908382068463284,89.44885687790753,1.329626083913601,2.2988468240633098,0,0,0,0.9759241938591003,0.9720027446746826
660,-0.8613734056419966,89.12387364907312,-1.930502243329283,-2.9387710141429197,89.98524705471512,1.0691288376872865,2.077397608500923,0,0,0,0.9764440059661865,0.9689062237739563
661,-0.6986762185390302,89.41604182100959,-1.949557532686345,-2.740928317851605,90.11471803954862,1.2508813141473147,2.0422520993125746,1,0,0,0.9731449484825134,0.9710716009140015
662,-0.5360429577378268,89.40854227330091,-1.2840877332292275,-2.4495602009271296,89.94458523103874,0.7480447754914006,1.9135172431893028,0,0,0,0.9716761112213135,0.9711503386497498
663,-0.2668545036966197,89.67702334919578,-1.157133079769393,-2.191074776695582,89.9438778528924,0.8902785760727733,1.9242202729989626,0,0,0,0.9531052112579346,0.9647598266601562
664,0.1080600493328015,1.00981956312429,-0.11716153956615523,-1.7762921292696972,0.9017595137914887,0.22522158889895674,1.8843521786024988,0,0,0,0.9447435736656189,0.9680718779563904
665,0.4829177463734676,1.1496055743475364,0.5465675698874205,-1.3117201894382735,0.6666878279740688,0.06364982351395279,1.794637935811741,0,0,0,0.9676600098609924,0.9661301970481873
666,0.8130389850110197,1.183159945862282,0.5109575145816797,-0.9471846486342829,0.3701209608512623,0.3020814704293399,1.7602236336453025,0,0,0,0.9723557233810425,0.9655963778495789
667,1.331818159373963,1.3456696762890432,0.8240586146677823,-0.5929359959738699,0.013851516915080077,0.5077595447061809,1.9247541553478331,0,0,0,0.9767871499061584,0.9644022583961487
668,1.6363370208771042,1.8620325111505363,0.880097493014715,-0.29832929817615295,0.22569549027343197,0.7562395278623892,1.9346663190532574,0,0,0,0.979160487651825,0.9669488668441772
669,1.910820125505114,2.005809700726597,0.9553457656537568,-0.04759428541017094,0.09498957522148296,0.9554743598513572,1.9584144109152848,0,0,0,0.9799088835716248,0.9663978815078735
670,1.8198407251000748,2.0571900122014295,1.107573547389827,0.18343928114982863,0.23734928710135467,0.712267177710248,1.6364014439502463,0,0,0,0.9805871248245239,0.9657164216041565
671,1.5669112428933922,2.807393231199889,1.0020583971509656,0.34716310435005604,1.2404819883064966,0.5648528457424267,1.2197481385433362,0,0,0,0.9825448393821716,0.9661367535591125
672,1.2157011015023382,2.819994076444916,0.9012144134106529,0.45797336616217543,1.6042929749425778,0.3144866880916854,0.7577277353401628,0,0,0,0.9817179441452026,0.9660117030143738
673,0.5511602474443278,0.42205633191786407,0.34704353948240874,0.43578740082622214,0.12910391552646366,0.20411670796191905,0.11537284661810564,0,0,0,0.9693204760551453,0.9667597413063049
674,0.07259597960448295,1.1246448614691364,0.32165064845811714,0.4129600503526012,1.0520488818646534,0.2490546688536342,0.34036407074811825,0,0,0,0.9735637903213501,0.9679149389266968
675,-0.2777156517352771,89.99643714573142,0.16226676836128148,0.36282139395433727,90.2741527974667,0.43998242009655864,0.6405370456896144,1,0,0,0.9615802764892578,0.9678625464439392
676,-0.4122395624919839,89.62311949626603,0.06629273195856071,0.303515661555182,90.03535905875802,0.4785322944505446,0.715755224047166,1,0,0,0.9742987751960754,0.967941164970398
677,-0.5137707247106201,87.18782237788716,-0.7768089843916608,0.08745073236581344,87.70159310259778,0.26303825968104066,0.6012214570764336,0,0,0,0.9487580060958862,0.9691826105117798
678,-0.6153017001662713,89.9311200466986,-0.20907330094047102,0.028145925704556537,90.54642174686487,0.40622839922580023,0.6434476258708278,1,0,0,0.9651300311088562,0.9690741300582886
679,-0.704290473954222,89.25336037535823,-0.1741180931975582,-0.012306878075866412,89.95765084931244,0.5301723807566638,0.6919835958783555,0,0,0,0.9713119864463806,0.9688708782196045
680,-0.793278607411938,0.19747442928340866,-0.32620302498548176,-0.07508610745778947,0.9907530366953468,0.4670755824264563,0.7181924999541487,0,0,0,0.9717144966125488,0.9649254083633423
681,-0.8822658870960078,89.86155457000201,-0.3476080627725791,-0.12959049852074742,90.74382045709801,0.5346578243234288,0.7526753885752603,1,0,0,0.9707138538360596,0.9694697260856628
682,-0.9712528999758132,89.19477101265785,-0.5624858411491088,-0.2161695670464197,90.16602391263366,0.40876705882670433,0.7550833329293936,1,0,0,0.9726678133010864,0.9690621495246887
683,-1.0161645954198204,89.91744600798022,-0.5686285863866057,-0.2866613709144569,90.93361060340004,0.4475360090332148,0.7295032245053635,1,0,0,0.9759870767593384,0.9687864780426025
684,-1.1644318873232242,89.21909331629227,-0.7430244467736102,-0.3779339860862877,90.38352520361549,0.42140744054961393,0.7864979012369366,1,0,0,0.9737240076065063,0.9683763980865479
685,-0.6530170442677297,89.27523747126978,-0.4518509183458879,-0.3927173725382077,89.9282545155375,0.20116612592184166,0.2602996717295219,0,0,0,0.9774238467216492,0.9709652662277222
686,-0.16890029287002065,0.5915012123122743,0.5274763570867435,-0.20867862661321754,0.7604015051822949,0.696376649956764,0.039778333743196885,0,0,0,0.972924530506134,0.9672538638114929
687,0.3152130167526769,0.14192104564847027,0.8501460380824507,0.003086306325916122,0.1732919711042066,0.5349330213297738,0.3121267104267608,0,0,0,0.9744141697883606,0.9678194522857666
688,-0.08577669723787373,0.3574794546363323,0.3960445668012816,0.08167795842098921,0.44325615187420603,0.48182126403915526,0.16745465565886294,0,0,0,0.9716443419456482,0.9701343178749084
689,-0.461663638419416,89.73969033483064,-0.35302870251244284,-0.005263373765697199,90.20135397325005,0.10863493590697318,0.45640026465371875,1,0,0,0.974239706993103,0.968093991279602
690,-0.4739669969095775,0.5897731744522611,0.19348407348032387,0.03448611568350701,1.0637401713618384,0.6674510703899014,0.5084531125930846,0,0,0,0.9753034114837646,0.9659546613693237
691,0.031359219418633434,89.74139788212314,0.44031618818222107,0.11565213018324982,89.7100386627045,0.4089569687635876,0.0842929107646164,0,0,0,0.9733784794807434,0.9684528708457947
692,0.3085477392985229,89.71997840888598,-0.05258239170370613,0.08200522580585863,89.41143066958746,0.36113013100222907,0.22654251349266427,0,0,0,0.9745185375213623,0.9695345759391785
693,0.6167329983233591,0.4078299016503738,0.9835088110377336,0.26230594285223363,0.20890309667298537,0.36677581271437437,0.3544270554711255,0,0,0,0.9744651317596436,0.9685527086257935
694,0.7868270668540379,0.8126449684732745,1.1049053101625208,0.4308258163142911,0.025817901619236635,0.318078243308483,0.35600125053974674,0,0,0,0.9757761359214783,0.9664050936698914
695,0.927622505331418,1.6748947194022956,1.4552171946675576,0.6357040919849445,0.7472722140708775,0.5275946893361397,0.2919184133464735,0,0,0,0.9766627550125122,0.9687314629554749
696,0.8950861521681218,0.238877541928145,1.0466797560833352,0.7178992248046225,0.6562086102399768,0.1515936039152134,0.17718692736349917,0,0,0,0.9691172242164612,0.9649927616119385
697,0.642753404379316,0.3424912715134004,0.9797069216261913,0.7702607641689364,0.3002621328659157,0.3369535172468753,0.12750735978962027,0,0,0,0.9741629958152771,0.9661337733268738
698,0.17191015179796162,89.74552331638183,-0.21185325922703233,0.5738379594897427,89.57361316458388,0.38376341102499395,0.4019278076917811,0,0,0,0.9722630977630615,0.9691924452781677
699,-0.0885825042643606,89.60841409898299,0.49676611802334497,0.5584235911964631,89.69699660324736,0.5853486222877056,0.6470060954608238,0,0,0,0.9722408652305603,0.9685533046722412
700,-0.16411242364333425,89.5594894539582,0.4668836483931376,0.5401156026357982,89.72360187760152,0.6309960720364719,0.7042280262791324,0,0,0,0.9735057950019836,0.968376874923706
701,-0.037261720155981025,89.69692652043719,0.8137029689608651,0.5948330759008116,89.73418824059317,0.8509646891168462,0.6320947960567926,0,0,0,0.97087562084198,0.9725679755210876
702,0.24080469581071998,0.06898105529550742,0.4649310214807234,0.5688526650167939,0.17182364051521254,0.22412632567000337,0.32804796920607393,0,0,0,0.9719670414924622,0.9660332798957825
703,0.4872478195029913,89.91767140422283,0.8704726651083613,0.6291766650351075,89.43042358471985,0.38322484560537007,0.14192884553211618,0,0,0,0.9708856344223022,0.9674736261367798
704,0.7336894757718081,0.7397586324578933,1.069836382866128,0.7173086086013115,0.006069156686085236,0.3361469070943198,0.01638086717049655,0,0,0,0.973727285861969,0.9685492515563965
705,0.9801313988448893,1.054301276815704,1.2431264394683355,0.8224721747747162,0.07416987797081472,0.2629950406234462,0.157659224070173,0,0,0,0.9815161228179932,0.9682576656341553
706,0.845156775644241,2.0528180508023866,1.380146100553654,0.9340069599305038,1.2076612751581457,0.534989324909413,0.0888501842862628,0,0,0,0.9831348657608032,0.9707128405570984
707,0.7539107310573068,1.3776523572427453,1.0585931864565807,0.9589242052357193,0.6237416261854385,0.30468245539927397,0.20501347417841242,0,0,0,0.9799352288246155,0.969891369342804
708,0.684058119611322,1.182494749470146,1.0970684887200626,0.9865530619325878,0.4984366298588242,0.4130103691087406,0.302494942321266,0,0,0,0.9753229022026062,0.9708778858184814
709,0.7052727938950873,1.2889677936771247,1.0671569872037348,1.0026738469868173,0.5836949997820372,0.3618841933086475,0.29740105309173,0,0,0,0.981652557849884,0.9712991714477539
710,0.5935423182961973,1.00751288017553,0.7791210649696765,0.9579632905833892,0.41397056187933257,0.185578746673479,0.36442097228719195,0,0,0,0.9756413102149963,0.9688932299613953
711,0.568249700912817,1.7082935973917175,0.9288537286617512,0.9521413781990617,1.1400438964789004,0.3606040277489341,0.3838916772862446,0,0,0,0.9827936887741089,0.9704321622848511
712,-0.049544127841276285,0.03757774980722634,0.13495380665368073,0.7887038638899856,0.08712187764850263,0.18449793449495705,0.8382479917312619,0,0,0,0.9719657897949219,0.9672333598136902
713,-0.45416307685453705,0.2902147378338418,0.4407688629082739,0.7191168636936432,0.7443778146883788,0.894931939762811,1.1732799405481804,0,0,0,0.9725691080093384,0.9686474800109863
714,-0.6551297071553792,0.8021647368829775,0.4191303774076928,0.6591195664364532,1.4572944440383568,1.0742600845630719,1.3142492735918323,0,0,0,0.9764273166656494,0.9673715829849243
715,-0.26061389859019657,0.49165067683585784,0.07859711792784103,0.5430150767347309,0.7522645754260544,0.33921101651803764,0.8036289753249274,0,0,0,0.9768795371055603,0.9674756526947021
716,0.19041051957773453,1.1087448214115814,0.525500186440998,0.5395120986759844,0.9183343018338469,0.33508966686326347,0.34910157909824985,0,0,0,0.9741228222846985,0.968000054359436
717,0.5971576761621026,1.3136869953353412,0.8915225630745433,0.6099141915556962,0.7165293191732386,0.29436488691244067,0.012756515393593558,0,0,0,0.9764485359191895,0.9673144817352295
718,0.8892097882435307,1.3954836332881215,1.1380704736459681,0.7155454479737505,0.5062738450445907,0.24886068540243728,0.1736643402697802,0,0,0,0.975224494934082,0.9691928029060364
719,0.9858061121064063,2.2681297325466954,1.2693699855799183,0.8263103554949842,1.282323620440289,0.2835638734735121,0.15949575661142218,0,0,0,0.9804782271385193,0.9702811241149902
720,0.847306844489767,1.642010880364975,1.3018276905420167,0.9214138225043905,0.794704035875208,0.45452084605224985,0.07410697801462368,0,0,0,0.9792991280555725,0.9702619314193726
721,0.5260852889798887,1.6075122351974753,1.0018232059297378,0.9374956991894603,1.0814269462175865,0.4757379169498491,0.41141041020957153,0,0,0,0.9782167673110962,0.9688720703125
722,-0.03068647580086693,89.64862342262686,0.5016385996035423,0.8503242792722767,89.67930989842773,0.5323250754044092,0.8810107550731436,0,0,0,0.97125643491745,0.9697984457015991
723,-0.3549885433429668,89.70783433254171,0.09019644740296129,0.6982987128984135,90.06282287588466,0.44518499074592804,1.0532872562413804,1,0,0,0.9743719696998596,0.9690822958946228
724,-0.47601471963925907,0.29773477611002586,0.23777447072581911,0.6061938644638948,0.7737494957492849,0.7137891903650782,1.082208584103154,0,0,0,0.9462316036224365,0.9688339233398438
725,-0.41701351787627905,89.56635379407406,-0.17912173037248943,0.44913074549661797,89.98336731195033,0.23789178750378961,0.866144263372897,0,0,0,0.9484373927116394,0.9684616923332214
726,0.17886732645764108,89.76778973307607,0.23694154054210495,0.4066929045057154,89.58892240661844,0.058074214084463865,0.2278255780480743,0,0,0,0.9717759490013123,0.9695808291435242
727,0.549021331017056,1.043175538987988,0.7246520813868268,0.47028473988193775,0.49415420797093196,0.17563075036977088,0.07873659113511824,0,0,0,0.9785616397857666,0.966926634311676
728,0.7165654444706456,2.0010298489680576,1.001574880776672,0.5765427680608847,1.2844644044974118,0.28500943630602643,0.14002267640976096,0,0,0,0.9811186790466309,0.970657467842102
729,0.6857516863603678,2.2448964171980736,1.1081174069239994,0.6828576958335076,1.559144730837706,0.42236572056363153,0.002893990526860157,0,0,0,0.9805870056152344,0.9696946144104004
730,0.464478796935372,2.0908946478779153,0.7863590930566151,0.7035579752781292,1.6264158509425433,0.32188029612124325,0.23907917834275733,0,0,0,0.9796381592750549,0.9684659242630005
731,0.2692270872987,1.5228295221552473,0.5622851722391261,0.6753034146703286,1.2536024348565473,0.2930580849404262,0.40607632737162863,0,0,0,0.9688653945922852,0.9691981673240662
732,0.09216939411524866,89.64812481881745,-1.1571930509752788,0.3088041215412073,89.5559554247022,1.2493624450905274,0.2166347274259586,0,0,0,0.9715956449508667,0.9689103960990906
733,-0.07111258124465387,0.844778287114687,0.09579798043213743,0.2662028933193933,0.915890868359341,0.16691056167679133,0.33731547456404715,0,0,0,0.9768996238708496,0.9684878587722778
734,-0.2075325098262739,0.7801237164313464,-0.23663339357263946,0.16563563594098676,0.9876562262576203,0.029100883746365547,0.3731681457672606,0,0,0,0.9774025082588196,0.968376636505127
735,-0.3736493405269557,88.80337385245944,-0.13274998206719774,0.10595851233934984,89.1770231929864,0.24089935845975793,0.47960785286630553,0,0,0,0.9788627624511719,0.9696953892707825
736,-0.49659338591741986,88.78730924753157,-0.38542764853200945,0.0076812801650779985,89.28390263344899,0.11116573738541048,0.5042746660824978,0,0,0,0.9785359501838684,0.9695054292678833
737,-0.7442676778880124,87.30830691484618,-0.8334368510077648,-0.16054234606949055,88.05257459273419,0.08916917311975239,0.5837253318185218,0,0,0,0.9773306846618652,0.9704639911651611
738,-0.9919407959198413,88.0331812310813,-1.1119186449020924,-0.3508176058360109,89.02512202700113,0.11997784898225093,0.6411231900838305,0,0,0,0.9793385863304138,0.970982015132904
739,-1.2177860167464847,88.52442209656695,-1.165703882841896,-0.5137948612371879,89.74220811331344,0.05208213390458873,0.7039911555092967,0,0,0,0.9774865508079529,0.9703201651573181
740,-1.3316816623122687,88.01259504092288,-1.112317887595282,-0.6334994665088067,89.34427670323515,0.21936377471698668,0.698182195803462,0,0,0,0.9758382439613342,0.9728015661239624
741,-1.418756008781059,87.35909620151439,-2.6918093040901265,-1.0451614340250708,88.77785221029545,1.2730532953090676,0.37359457475598823,0,0,0,0.9763134121894836,0.9718087911605835
742,-1.5058296081979086,87.91831793980919,-1.395787343889913,-1.1152866159980392,89.4241475480071,0.11004226430799557,0.39054299219986954,0,0,0,0.9766033887863159,0.9725725054740906
743,-1.4676540801011206,87.95078182893427,-1.4570169266734945,-1.1836326781331303,89.41843590903538,0.010637153427626162,0.28402140196799036,0,0,0,0.976107120513916,0.9714207649230957
744,-1.3884897330214399,88.07208598859368,-2.374640683578202,-1.4218342792221448,89.46057572161513,0.9861509505567619,0.03334454620070464,0,0,0,0.9764943718910217,0.9711800813674927
745,-1.3093245321681128,88.31544562872124,-1.4081285050277637,-1.4190931243832683,89.62477016088935,0.09880397285965069,0.10976859221515549,0,0,0,0.9774102568626404,0.9713957905769348
746,-1.0909567676570469,88.19371799733328,-0.9130847028538063,-1.3178914400773762,89.28467476499033,0.17787206480324044,0.22693467242032933,0,0,0,0.9763265252113342,0.9711744785308838
747,-0.906535576929473,88.07369108304864,-0.8796922357589761,-1.2302515992136962,88.98022665997811,0.026843341170496787,0.32371602228422325,0,0,0,0.9764845967292786,0.9726887941360474
748,-0.6776039110107772,88.43549986376256,-1.3613298962412115,-1.2564672586191994,89.11310377477334,0.6837259852304343,0.5788633476084222,0,0,0,0.9753236770629883,0.9706904888153076
749,-0.3570989917552214,89.0113599428755,-1.4028752849239685,-1.2857488638801535,89.36845893463072,1.045776293168747,0.928649872124932,0,0,0,0.9722645282745361,0.9699301719665527
750,0.008693916175057152,6.9997503237056105,-0.14389070933367007,-1.0573772329708566,6.991056407530553,0.15258462550872723,1.0660711491459138,0,0,0,0.9408659934997559,0.9730216264724731
751,0.342721230108933,89.66392987655686,0.2164804001476922,-0.8026057063471469,89.32120864644793,0.1262408299612408,1.1453269364560799,0,0,0,0.967301607131958,0.9691439867019653
752,0.6767469890742052,89.55455122718827,0.5792159834918416,-0.5262413683793492,88.87780423811407,0.0975310055823635,1.2029883574535543,0,0,0,0.9703393578529358,0.9684451818466187
753,1.1030018062583644,2.072070859968772,1.3379422650745567,-0.15340464168856802,0.9690690537104074,0.23494045881619252,1.2564064479469323,0,0,0,0.9772868156433105,0.971950113773346
754,1.4207743296807978,1.8543453466830984,1.584339042430181,0.1941440951351818,0.43357101700230066,0.16356471274938333,1.2266302345456161,0,0,0,0.9791160225868225,0.9720662236213684
755,1.738545892607879,1.8993580008607749,1.9335892583925065,0.5420331277866467,0.16081210825289585,0.19504336578462744,1.1965127648212324,0,0,0,0.9796692728996277,0.9726967811584473
756,2.103095286726262,2.0505060317683372,2.4224967359254412,0.9181258494144058,0.05258925495792474,0.3194014491991794,1.1849694373118564,0,0,0,0.980391263961792,0.9720075726509094
757,2.3816380850421983,2.3613846531624065,2.6576427440269486,1.2660292283369143,0.020253431879791874,0.2760046589847505,1.115608856705284,0,0,0,0.9806411266326904,0.9730153679847717
758,2.766283176359228,3.6069059336941973,2.8997065262096524,1.592764687911462,0.840622757334969,0.1334233498504241,1.173518488447766,0,0,0,0.9833359718322754,0.97367924451828
759,3.1509272004592006,4.023672977790974,3.085311210442486,1.8912739924176667,0.8727457773317737,0.06561599001671443,1.2596532080415335,0,0,0,0.983963668346405,0.9742811918258667
760,2.941977839926759,3.4932287474601478,2.5414399474773686,2.0213071834296077,0.5512509075333891,0.40053789244939036,0.9206706564971513,0,0,0,0.9828155636787415,0.9723802804946899
761,1.767957114060777,3.0838752333771855,1.2107103277611277,1.8591878122959116,1.3159181193164082,0.5572467862996494,0.09123069823513445,0,0,0,0.9822151064872742,0.969764232635498
762,0.6051686342848813,1.4741635705452603,0.45650000800669327,1.578650251438068,0.8689949362603788,0.14866862627818805,0.9734816171531867,0,0,0,0.9731543660163879,0.9670782685279846
763,-0.29106154788879113,0.5251527547147704,0.10679612400575464,1.2842794259516057,0.8162143026035615,0.39785767189454585,1.5753409738403967,0,0,0,0.9740549325942993,0.9667037129402161
764,-0.6069184433728739,0.03988147456370445,0.05623025810210987,1.0386695923817064,0.6467999179365784,0.6631487014749838,1.6455880357545802,0,0,0,0.9663523435592651,0.9654035568237305
765,-0.5616043537372177,0.2192012610332192,0.24849410276920755,0.8806344944592067,0.780805614770437,0.8100984565064253,1.4422388481964243,0,0,0,0.9744631052017212,0.9665936231613159
766,-0.38299365296134136,0.6924787290017428,0.22268436418557438,0.7490444684044802,1.075472381963084,0.6056780171469158,1.1320381213658215,0,0,0,0.9723029732704163,0.9658558964729309
767,0.17387895382621782,0.029241443894266275,0.6421080934919052,0.7276571934219653,0.14463750993195154,0.46822913966568735,0.5537782395957475,0,0,0,0.9618838429450989,0.9691864252090454
768,0.48714915528599634,0.22147536718128968,0.7994375217385602,0.7420132590852843,0.26567378810470665,0.3122883664525639,0.25486410379928803,0,0,0,0.9587950110435486,0.9672349095344543
769,0.5819306231812055,0.38543880732335306,0.8452310092296934,0.7626568091141663,0.19649181585785241,0.263300386048488,0.18072618593296083,0,0,0,0.9643954634666443,0.9665831923484802
770,0.43379515926486817,89.97765412551388,0.18411324212497096,0.6469480957163273,89.54385896624902,0.24968191713989718,0.21315293645145908,0,0,0,0.9647362232208252,0.9689595103263855
771,0.056012120217133324,89.6628711972355,0.981933560120985,0.7139451885972589,89.60685907701837,0.9259214399038517,0.6579330683801256,0,0,0,0.9721277356147766,0.9659912586212158
772,-0.11001052190808971,89.63702576141618,0.11514762912860245,0.5941856767035276,89.74703628332426,0.22515815103669218,0.7041961986116174,0,0,0,0.9699670672416687,0.9696843028068542
773,-0.10997186197017038,89.66459240490636,0.741480994219352,0.6236447402066925,89.77456426687652,0.8514528561895224,0.7336166021768629,0,0,0,0.9708036184310913,0.9685966968536377
774,-0.10982634025423076,89.67329406590895,0.4125911405434236,0.5814340202740387,89.78312040616318,0.5224174807976543,0.6912603605282694,0,0,0,0.9696025848388672,0.9680030345916748
775,-0.10981799595085998,89.70672784189615,0.24121232731384154,0.5133896816819994,89.81654583784702,0.35103032326470157,0.6232076776328593,0,0,0,0.9737004041671753,0.9697134494781494
776,-0.10982171120024249,0.258184085473391,0.31978277799953625,0.47466830094550677,0.3680057966736335,0.4296044891997787,0.5844900121457492,0,0,0,0.9648473858833313,0.9669227600097656
777,-0.10981773581670214,0.21723747492513476,0.38398596420216274,0.45653183359683797,0.3270552107418369,0.4938037000188649,0.5663495694135401,0,0,0,0.9602736830711365,0.9674370288848877
778,-0.10981623504271458,89.8347460775097,0.20112310254843024,0.40545008738715643,89.94456231255242,0.31093933759114484,0.515266322429871,0,0,0,0.9643446803092957,0.9711553454399109
779,-0.10695735397792129,0.690577641895805,0.3750265210926516,0.3993653741282555,0.7975349958737262,0.4819838750705729,0.5063227281061767,0,0,0,0.9679000973701477,0.9681868553161621
780,-0.10918762418534202,89.94368076458224,0.6643857908423784,0.45236945747108015,90.05286838876758,0.7735734150277204,0.5615570816564222,1,0,0,0.9689210057258606,0.9690614938735962
781,-0.14554181964094395,89.7764162619978,0.1118171344845629,0.3842589928737767,89.92195808163875,0.25735895412550686,0.5298008125147207,0,0,0,0.9652212858200073,0.9686084389686584
782,-0.15734215871111779,89.90692068646923,0.17019145667846444,0.3414454856347143,90.06426284518035,0.32753361538958226,0.49878764434583206,1,0,0,0.969710648059845,0.9691581130027771
783,-0.14907309414290665,31.676996691171777,-0.21535421417618264,0.23008554567253486,31.826069785314683,0.066281120033276,0.3791586398154415,0,0,0,0.920209527015686,0.9787731766700745
784,-0.09648161803948034,1.0401285275662218,0.4291707380676344,0.2699025841515548,1.136610145605702,0.5256523561071148,0.3663842021910352,0,0,0,0.9709539413452148,0.966282308101654
785,-0.26525068990213607,89.45808846554019,-0.2487773360496819,0.16616660011130746,89.72333915544232,0.016473353852454162,0.43141729001344353,0,0,0,0.975343644618988,0.9670722484588623
786,-0.2664261494500394,0.49520237520426447,0.33834006616467754,0.20060129332198148,0.7616285246543039,0.6047662156147169,0.46702744277202085,0,0,0,0.9681265950202942,0.9663501381874084
787,-0.26663172213580094,0.9050751971075597,0.1464767670188241,0.18977638806135003,1.1717069192433607,0.413108489154625,0.45640811019715094,0,0,0,0.9724515080451965,0.9668720364570618
788,-0.26663084168172824,0.21213201524225603,0.3107166936353133,0.21396444917614268,0.47876285692398424,0.5773475353170415,0.480595290857871,0,0,0,0.9735132455825806,0.9659475088119507
789,-0.26663374984821075,1.1701616689849246,0.30432484230347245,0.23203652780160866,1.4367954188331353,0.5709585921516832,0.49867027764981947,0,0,0,0.9700515270233154,0.967499315738678
790,-0.2666335630852257,1.269083298734219,0.2798319337653928,0.24159560899436552,1.5357168618194448,0.5464654968506184,0.5082291720795912,0,0,0,0.9681158661842346,0.9669418334960938
791,-0.26663142865111,0.8546342500870154,0.16303475234853018,0.22588343766519844,1.1212656787381254,0.4296661809996402,0.4925148663163084,0,0,0,0.9689010977745056,0.9666827321052551
792,-0.26492142675937386,89.97066001180379,0.7896192121946689,0.33863059257109257,90.23558143856317,1.0545406389540428,0.6035520193304664,1,0,0,0.9713907241821289,0.9638994932174683
793,-0.26492134671809453,89.94697291576219,0.26096795163706554,0.3230980643842871,90.21189426248029,0.5258892983551601,0.5880194111023817,1,0,0,0.9603617191314697,0.9678549766540527
794,-0.26690415597023454,88.65253595482888,0.16887626304911166,0.29225370411725204,88.91944011079912,0.43578041901934617,0.5591578600874866,0,0,0,0.930801272392273,0.9691581130027771
795,-0.2654245662412805,0.3229272351725303,0.477813853677272,0.32936573402925606,0.5883518014138108,0.7432384199185526,0.5947903002705366,0,0,0,0.966218113899231,0.971863865852356
796,-0.26613367861534537,86.93049500090693,-0.8202011974778092,0.099452347727843,87.19662867952228,0.5540675188624637,0.3655860263431883,0,0,0,0.9030716419219971,0.9685017466545105
797,-0.26388166386037165,89.82299815213729,0.010867658739094272,0.08173540993009326,90.08687981599766,0.27474932259946594,0.3456170737904649,1,0,0,0.9745859503746033,0.9688065052032471
798,-0.2616289020534575,89.43235914293675,0.12947431697758283,0.09128319133959116,89.6939880449902,0.3911032190310403,0.3529120933930487,0,0,0,0.9766414761543274,0.9685746431350708
799,-0.061088918451903146,89.71325067255353,0.6360457667124705,0.20023570641416705,89.77433959100543,0.6971346851643735,0.26132462486607017,0,0,0,0.9713773727416992,0.9690017104148865
800,-0.0639248943705931,89.94199370785725,0.7652430219677667,0.313237169524887,90.00591860222784,0.8291679163383598,0.3771620638954801,1,0,0,0.9720101356506348,0.9649736881256104
801,-0.06374148644910106,89.70609946449252,0.6699562166957558,0.3845809789590608,89.76984095094161,0.7336977031448568,0.44832246540816195,0,0,0,0.9722470641136169,0.9663733839988708
802,-0.10652321674890897,0.09719359188928145,0.23409650624839323,0.3544840844169273,0.20371680863819042,0.3406197229973022,0.46100730116583627,0,0,0,0.9699576497077942,0.9661577939987183
803,-0.15811815891428116,89.3438808724284,0.033797251372646525,0.29034671780807114,89.50199903134268,0.19191541028692768,0.4484648767223523,0,0,0,0.9750460982322693,0.9695646166801453
804,-0.19403465530394032,88.89179748145443,-0.5442658392017803,0.1234242064061009,89.08583213675837,0.35023118389783997,0.3174588617100412,0,0,0,0.9754385948181152,0.9687322378158569
805,-0.353013711538334,88.13438414401338,0.3474047311700582,0.16822031135889237,88.4873978555517,0.7004184427083922,0.5212340228972263,0,0,0,0.9790792465209961,0.967656135559082
806,-0.5119929011748598,88.40151284245258,-0.1509126329433984,0.10439372249843423,88.91350574362744,0.36108026823146144,0.6163866236732941,0,0,0,0.9770426750183105,0.9683488011360168
807,-0.7046041824083665,87.68870747048088,-0.3783327085083958,0.007848436297068228,88.39331165288924,0.32627147389997074,0.7124526187054347,0,0,0,0.9730408191680908,0.970643162727356
808,-0.906220641175712,87.15352116787535,-1.3819968571816963,-0.2701206223986847,88.05974180905106,0.4757762160059842,0.6361000187770273,0,0,0,0.9765570163726807,0.9700237512588501
809,-1.217024130488911,86.84209869266863,-0.5765634129391229,-0.3314091805067723,88.05912282315754,0.6404607175497881,0.8856149499821385,0,0,0,0.9783072471618652,0.9695509076118469
810,-1.503356546109835,86.93267383125216,-1.167211117913054,-0.4985695679880287,88.436030377362,0.33614542819678117,1.0047869781218066,0,0,0,0.9772536754608154,0.9705737829208374
811,-1.7835908834624075,87.16886860294038,-2.462243727040545,-0.891304399798532,88.95245948640277,0.6786528435781378,0.8922864836638754,0,0,0,0.9769338965415955,0.9706965088844299
812,-2.1986276485433494,86.14139641590619,-1.845163383868096,-1.0820761966124448,88.34002406444954,0.3534642646752533,1.1165514519309048,0,0,0,0.9771800637245178,0.9703159928321838
813,-2.5217045609082382,87.07248780356232,-1.736106330856031,-1.212882223461162,89.59419236447056,0.7855982300522073,1.3088223374470762,0,0,0,0.9727962613105774,0.9727329611778259
814,-2.7511233580529733,86.87398201571425,-2.4900281627874183,-1.4683114113264135,89.62510537376721,0.261095195265555,1.28281194672656,0,0,0,0.970772922039032,0.9716951251029968
815,-3.000133058728009,85.5724689788008,-3.865471857399312,-1.947743500540993,88.57260203752881,0.8653387986713029,1.052389558187016,0,0,0,0.9728057384490967,0.9709412455558777
816,-3.1506335023248897,86.40924228420823,-3.854664827798273,-2.3291277659924496,89.55987578653313,0.704031325473383,0.8215057363324405,0,0,0,0.9713796973228455,0.9709182977676392
817,-3.3011339459217703,86.0892342612148,-3.1415240927800414,-2.491607031349968,89.39036820713656,0.1596098531417294,0.8095269145718025,0,0,0,0.9755344390869141,0.9721571803092957
818,-3.432982636999227,85.68849340223181,-3.6575178497694405,-2.7247891950338627,89.12147603923104,0.22453521277021307,0.7081934419653647,0,0,0,0.9766317009925842,0.9714071750640869
819,-3.6599461945807543,84.77095994007814,-3.044046338283424,-2.7886406236837753,88.4309061346589,0.61589985629733,0.8713055708969794,0,0,0,0.9775246381759644,0.9715088605880737
820,-3.9804929487449767,83.81480858835722,-3.3610348168573183,-2.9031194623184837,87.7953015371022,0.6194581318876581,1.0773734864264928,0,0,0,0.9770281314849854,0.9724733829498291
821,-4.391298091469978,84.07744985251173,-4.843714065757332,-3.291238383006254,88.46874794398171,0.45241597428735425,1.1000597084637247,0,0,0,0.9768229722976685,0.9722710847854614
822,-4.802101099760865,84.61368800424943,-5.110885835859883,-3.65516787357698,89.4157891040103,0.30878473609901813,1.146933226183885,0,0,0,0.9774773716926575,0.971387505531311
823,-5.340207308236565,83.6577893695278,-5.646465706611834,-4.053427440183952,88.99799667776438,0.3062583983752693,1.2867798680526128,0,0,0,0.9776705503463745,0.971897304058075
824,-5.915417665604712,82.74886194572836,-6.390167255303175,-4.5207754032077965,88.66427961133307,0.4747495896984637,1.3946422623969157,0,0,0,0.9778940677642822,0.972952663898468
825,-6.373106080566328,83.59908389361155,-6.211622029774128,-4.858944728521063,89.97218997417788,0.16148405079219957,1.5141613520452644,0,0,0,0.9787240028381348,0.9717900156974792
826,-5.884354392146317,82.85860259512296,-5.474463662531643,-4.98204851532318,88.74295698726927,0.4098907296146742,0.902305876823137,0,0,0,0.9802331924438477,0.9716376066207886
827,-4.314026453842332,85.34992092507427,-3.730870177458635,-4.731812847750271,89.6639473789166,0.5831562763836973,0.4177863939079391,0,0,0,0.9765821099281311,0.9703406095504761
828,-2.162316868811681,86.33775752435488,-2.258148266187644,-4.237079931437746,88.50007439316656,0.09583139737596333,2.0747630626260647,0,0,0,0.9779956340789795,0.9700304269790649
829,-0.08251770982799918,0.7892761699191635,0.12059623214889555,-3.3655446987204174,0.8717938797471626,0.20311394197689472,3.283026988892418,0,0,0,0.9654579162597656,0.9674339294433594
830,2.0207191499110886,1.9810688345621068,1.6704133959038627,-2.358353079795562,0.039650315348981835,0.35030575400722597,4.379072229706651,0,0,0,0.9832853674888611,0.9705463647842407
831,3.171567178357333,4.86336533529494,2.2308948894038876,-1.4405034859556722,1.6917981569376077,0.940672288953445,4.612070664313005,0,0,0,0.9854915142059326,0.9723678827285767
832,3.2148511543447613,3.329554789945017,1.9310184677433504,-0.7661990952158677,0.11470363560025539,1.283832686601411,3.981050249560629,0,0,0,0.9831785559654236,0.9681364297866821
833,2.3255447295966456,1.9612956503583314,1.1177543804487526,-0.3894084000829437,0.36424907923831407,1.207790349147893,2.7149531296795892,0,0,0,0.9825379252433777,0.9687113165855408
834,1.8704507193025768,1.7114907662535181,1.0781124994053024,-0.09590422018529446,0.1589599530490588,0.7923382198972744,1.9663549394878714,0,0,0,0.9819583296775818,0.9681466221809387
835,1.5015744003449907,1.7938614602616967,1.1636549402763574,0.15600761190703594,0.29228705991670595,0.33791946006863327,1.3455667884379547,0,0,0,0.9833431243896484,0.9664979577064514
836,1.0187546244974304,1.1289740274641609,0.6461879149729085,0.2540436725202105,0.11021940296673045,0.372566709524522,0.7647109519772199,0,0,0,0.9808923602104187,0.9677498936653137
837,0.6802392434524914,0.8926713601314049,0.6139378746826194,0.3260225129526923,0.21243211667891346,0.06630136876987207,0.3542167304997992,0,0,0,0.975271999835968,0.9655122756958008
838,0.3503207493754978,89.93513619793056,0.871410567619344,0.43510012388602265,89.58481544855506,0.5210898182438463,0.08477937451052486,0,0,0,0.9659410715103149,0.963280200958252
839,0.22218307883296612,0.2874255393728172,0.4800975911053023,0.4440996173298786,0.06524246053985104,0.2579145122723362,0.22191653849691245,0,0,0,0.9694992899894714,0.9685745239257812
840,0.13181375305902657,89.78366992289635,0.37210030267592553,0.4296997543990881,89.65185616983733,0.24028654961689896,0.29788600134006143,0,0,0,0.972170352935791,0.9684411287307739
841,0.19444027782718917,0.34469069914785033,0.6227773762407655,0.46831527876742346,0.15025042132066116,0.42833709841357637,0.2738750009402343,0,0,0,0.9717780947685242,0.9702450633049011
842,0.1544111671237493,89.77733150734659,0.36986223471126967,0.44862466995619277,89.62292034022283,0.21545106758752036,0.29421350283244346,0,0,0,0.9738553762435913,0.9688611626625061
843,0.21020763612403137,1.0902696933152258,0.5669696074162526,0.47229365744820473,0.8800620571911945,0.35676197129222115,0.26208602132417336,0,0,0,0.9760404825210571,0.9694936871528625
844,0.15280385819340134,0.20877779205018474,0.6553019657060902,0.5088953190997819,0.055973933856783405,0.502498107512689,0.3560914609063806,0,0,0,0.9565349817276001,0.9697559475898743
845,0.2564667197839559,0.08608282178080122,0.7429844174119428,0.5557131387622141,0.17038389800315468,0.48651769762798686,0.2992464189782582,0,0,0,0.9638233780860901,0.974010169506073
846,0.3567635387535239,1.3122600194073375,0.5600778381550269,0.5565860786407766,0.9554964806538135,0.20331429940150295,0.19982253988725274,0,0,0,0.9782188534736633,0.9689866900444031
847,-0.03267037895049118,89.95641223719515,0.06489443443568418,0.4582477497997582,89.98908261614564,0.09756481338617537,0.49091812875024937,0,0,0,0.9713006615638733,0.9678714871406555
848,-0.36502134418177506,0.10437212070696485,0.1372425654767434,0.3940467129351552,0.4693934648887399,0.5022639096585185,0.7590680571169304,0,0,0,0.9733105301856995,0.9667577147483826
849,-0.6937858030933011,89.35151702392048,-0.43286931446662524,0.2286635074547991,90.04530282701377,0.26091648862667577,0.9224493105481002,1,0,0,0.9769240021705627,0.9694784283638
850,-1.030181424257156,88.02732092877342,-0.6028680184023271,0.062357202283373894,89.05750235303059,0.42731340585482896,1.09253862654053,0,0,0,0.978976845741272,0.9691963791847229
851,-1.2253033869800243,88.46430960168168,-0.6843933137459162,-0.08699290092248416,89.6896129886617,0.540910073234108,1.13831048605754,0,0,0,0.9762725234031677,0.9689035415649414
852,-1.4374305997455201,87.4600668880147,-1.120044248837869,-0.29360317050556106,88.89749748776022,0.31738635090765105,1.1438274292399588,0,0,0,0.9780790209770203,0.9704104065895081
853,-1.7855758004682365,86.39640835875778,-2.365868891598731,-0.7080563147241952,88.18198415922602,0.5802930911304949,1.0775194857440413,0,0,0,0.9789041876792908,0.9712655544281006
854,-2.035001288908997,87.72369852959885,-1.080321178023388,-0.7825092873840337,89.75869981850785,0.9546801108856091,1.2524920015249634,0,0,0,0.9767487049102783,0.9717349410057068
855,-2.1462296388821853,87.1497987147777,-1.3430922332531208,-0.8946258765578512,89.29602835365988,0.8031374056290644,1.251603762324334,0,0,0,0.9759363532066345,0.9723491668701172
856,-2.262856399620622,87.05068583973164,-2.8252133013856926,-1.2807433615234196,89.31354223935226,0.5623569017650704,0.9821130380972026,0,0,0,0.9782971143722534,0.9713550806045532
857,-2.4084826494710527,87.03492859331642,-2.7797617257695926,-1.5805470343726544,89.44341124278748,0.37127907629854023,0.8279356150983982,0,0,0,0.977948009967804,0.9722285866737366
858,-2.417067343484112,86.76056672454618,-2.282788392451252,-1.720995305988374,89.17763406803029,0.13427895103286047,0.6960720374957383,0,0,0,0.9769202470779419,0.9720269441604614
859,-2.3093791659351064,86.9092257918315,-2.1026682316690257,-1.7973298911245046,89.21860495776662,0.20671093426608037,0.5120492748106018,0,0,0,0.9760973453521729,0.9725987911224365
860,-2.0682687924786016,87.15497599816857,-1.6840907548800896,-1.7746820638756216,89.22324479064717,0.38417803759851216,0.2935867286029802,0,0,0,0.9748240113258362,0.9715859293937683
861,-1.697554832469165,87.76162657005993,-1.3732233941822662,-1.6943903299369505,89.4591814025291,0.32433143828689864,0.0031645025322142566,0,0,0,0.9744208455085754,0.9710938930511475
862,-1.3268415127899627,87.95423107446511,-1.16891379822608,-1.5892950235947767,89.28107258725508,0.15792771456388263,0.26245351080481394,0,0,0,0.9783174991607666,0.9703312516212463
863,-0.8419331397994065,88.63477063279768,-0.1216132622015532,-1.295758671316132,89.47670377259709,0.7203198775978533,0.45382553151672533,0,0,0,0.9752065539360046,0.9685778617858887
864,-0.3570271680472305,88.22330637681777,0.01466200715335699,-1.0336745356222343,88.580333544865,0.3716891752005875,0.6766473675750038,0,0,0,0.9778544902801514,0.9695819616317749
865,0.12787628240464644,0.20781533568680796,0.5282984326321695,-0.7212799419713536,0.07993905328216153,0.40042215022752303,0.849156224376,0,0,0,0.9762820601463318,0.9667073488235474
866,0.6325548113705763,89.84326332340471,1.0634193885218919,-0.3643400758727045,89.21070851203415,0.43086457715131543,0.9968948872432809,0,0,0,0.9722028970718384,0.964292585849762
867,1.1365237343745522,1.204027561158846,1.6549760501453548,0.03952314933090737,0.06750382678429383,0.5184523157708029,1.0970005850436448,0,0,0,0.9804571270942688,0.9680041670799255
868,1.5285232318803934,1.8148147730880033,2.015582461732043,0.4347350118111345,0.2862915412076099,0.48705922985164973,1.093788220069259,0,0,0,0.9802777171134949,0.9718254804611206
869,1.4123474770705886,1.2309032883257884,1.2473561052195925,0.5972592304928261,0.18144418874480028,0.1649913718509962,0.8150882465777625,0,0,0,0.975950300693512,0.9669865369796753
870,0.7213389462876911,0.973314656609805,0.5972900550097789,0.5972653953962168,0.25197571032211385,0.1240488912779122,0.1240735508914744,0,0,0,0.9662798643112183,0.9675633907318115
871,0.4184833158887276,89.85280509767522,0.6135774427691429,0.600527804870802,89.4343217817865,0.19509412688041533,0.18204448898207434,0,0,0,0.9570854306221008,0.9638999104499817
872,0.505805923725592,89.98738714508116,0.6698345552408634,0.6143891549448143,89.48158122135557,0.16402863151527153,0.1085832312192224,0,0,0,0.9653583765029907,0.9679058790206909
873,0.2023279190189374,1.6165834734671927,0.8326829708802908,0.6580479181319095,1.4142555544482551,0.6303550518613533,0.45571999911297223,0,0,0,0.9809498190879822,0.9685158133506775
874,0.1016573673058294,89.82851694498666,0.6940009431753138,0.6652385231405905,89.72685957768083,0.5923435758694843,0.5635811558347611,0,0,0,0.9662560820579529,0.9691423177719116
875,0.10171005447795238,1.202498666001821,0.5831352513245243,0.6488178687773773,1.1007886115238685,0.4814251968465719,0.5471078142994249,0,0,0,0.9528487920761108,0.9673956632614136
876,0.10175816595693998,89.97814589913412,0.36515736109577746,0.5920857672410573,89.87638773317718,0.26339919513883747,0.49032760128411734,0,0,0,0.9613373875617981,0.9689900875091553
877,0.1433621221818504,89.93177574485891,0.3042578131991461,0.5345201764326751,89.78841362267706,0.16089569101729564,0.39115805425082467,0,0,0,0.9621294140815735,0.9689616560935974
878,0.2836925741871407,1.0556048824518245,0.6179524765421686,0.5512066364545738,0.7719123082646837,0.3342599023550278,0.2675140622674331,0,0,0,0.9736185669898987,0.9679496884346008
879,0.13322428050412677,89.9369257074931,0.49294655506322294,0.5395546201763036,89.80370142698898,0.3597222745590962,0.40633033967217685,0,0,0,0.9633026719093323,0.9688178300857544
880,-0.19510212582580605,89.9271107256558,0.11176819334848914,0.4539973348107407,90.12221285148159,0.3068703191742952,0.6490994606365469,1,0,0,0.9567880630493164,0.9691363573074341
881,-0.3130957114708258,1.3990822892070718,0.3838014055203041,0.4399581489526534,1.7121780006778977,0.69689711699113,0.7530538604234792,0,0,0,0.9672945141792297,0.9662480354309082
882,-0.1935617047245566,89.95956095440252,-0.003760496799129367,0.3512144198022969,90.15312265912708,0.18980120792542726,0.5447761245268534,1,0,0,0.9659220576286316,0.9694143533706665
883,-0.19383480556965133,89.7602218834757,-0.08383918547120324,0.2642036987475969,89.95405668904534,0.1099956200984481,0.45803850431724813,0,0,0,0.9653477072715759,0.9686265587806702
884,-0.1938679559995097,89.85270947502684,0.058032047683371175,0.22296936853475174,90.04657743102635,0.25190000368288085,0.4168373245342614,1,0,0,0.9650357365608215,0.9691462516784668
885,-0.19394016657368407,89.73301040982237,0.3622728152724748,0.25083005788229634,89.92695057639605,0.5562129818461589,0.44477022445598047,0,0,0,0.9654634594917297,0.9686199426651001
886,-0.1556025415460273,0.8100945865093623,0.15913665393185944,0.23249137709220902,0.9656971280553897,0.3147391954778867,0.3880939186382363,0,0,0,0.9601404666900635,0.9654190540313721
887,-0.11726442293048125,2.2514785851238504,0.3569517799416113,0.2573834576620895,2.3687430080543317,0.4742162028720926,0.37464788059257076,0,0,0,0.9553464651107788,0.9726237058639526
888,-0.07619045336658811,89.53009231977046,0.15208263589547927,0.23632329330876742,89.60628277313705,0.22827308926206735,0.31251374667535553,0,0,0,0.9407538771629333,0.9685873985290527
889,0.1436556068727494,89.63492206315182,0.6567865598777541,0.3204159466225648,89.49126645627906,0.5131309530050047,0.17676033974981537,0,0,0,0.9688693881034851,0.9688407778739929
890,0.1574296705098586,89.61946534506008,0.6150071084939737,0.3793341789968466,89.46203567455022,0.4575774379841151,0.221904508486988,0,0,0,0.969360888004303,0.9685114622116089
891,0.157335101738323,89.68048625510497,0.5103903667903462,0.40554541655554655,89.52315115336665,0.35305526505202317,0.24821031481722353,0,0,0,0.96555495262146,0.9682703018188477
892,0.153960107834264,89.59912504171177,0.40028719642280813,0.40449377252899893,89.44516493387752,0.24632708858854416,0.25053366469473487,0,0,0,0.9688207507133484,0.968925952911377
893,0.1980172025387999,89.67058931099763,0.26319566124180444,0.37623415027156,89.47257210845882,0.06517845870300457,0.17821694773276017,0,0,0,0.9701312780380249,0.9686939716339111
894,0.350022062001442,1.8391264045518405,0.9031520921753161,0.48161773865231133,1.4891043425503987,0.5531300301738742,0.13159567665086935,0,0,0,0.9777346253395081,0.9702684283256531
895,0.5020262677936361,1.3768905777068774,1.08976357089265,0.6032469051003791,0.8748643099132413,0.587737303099014,0.10122063730674298,0,0,0,0.97601717710495,0.9711405038833618
896,0.23734827324514973,1.2945359986762717,0.8112008556013307,0.6448376952005694,1.057187725431122,0.573852582356181,0.40748942195541976,0,0,0,0.9717069268226624,0.9676052331924438
897,-0.23485069184517293,13.80746561002808,0.08863344833877157,0.53359684582821,14.042316301873253,0.32348414018394445,0.7684475376733829,0,0,0,0.9165996313095093,0.9764067530632019
898,-0.44513436718457355,89.64154051645755,-0.021073197610519172,0.4226628371404641,90.08667488364213,0.42406116957405443,0.8677972043250376,1,0,0,0.9661859273910522,0.9663721323013306
899,-0.1644347632154339,1.1181292878877673,0.24637976459679042,0.3874062226317294,1.2825640511032013,0.41081452781222433,0.5518409858471633,0,0,0,0.9676226377487183,0.9669134020805359
900,-0.10387463747546462,89.65609564957886,0.1342042484269735,0.3367658277907783,89.75997028705432,0.23807888590243814,0.4406404652662429,0,0,0,0.9703744649887085,0.9692211151123047
901,-0.06719257292938223,89.74266829730877,-0.08615248239066091,0.25218216575449043,89.80986087023815,0.01895990946127866,0.31937473868387267,0,0,0,0.9701176285743713,0.9680836200714111
902,-0.030510041475837055,89.65570632879617,0.7842536491367409,0.3585964624309405,89.686216370272,0.814763690612578,0.38910650390677753,0,0,0,0.9687612056732178,0.9714899659156799
903,0.17291202849141143,89.9428474815035,0.4956253008696539,0.3860022301186833,89.7699354530121,0.32271327237824243,0.21309020162727182,0,0,0,0.9656391739845276,0.9694888591766357
904,0.18337170281313228,1.5823692416456006,0.6663752329757464,0.44207683069009585,1.3989975388324682,0.4830035301626141,0.25870512787696365,0,0,0,0.9768508672714233,0.9699879288673401
905,0.1833128991532467,0.4318892963625966,0.6329157044874182,0.4802446054495604,0.2485763972093499,0.44960280533417146,0.29693170629631366,0,0,0,0.9642615914344788,0.966069757938385
906,0.18332534557218344,1.8772352315825152,1.0101761552054436,0.586230915400737,1.6939098860103317,0.8268508096332602,0.4029055698285536,0,0,0,0.9706371426582336,0.9696986675262451
907,0.18237981793938626,0.9129005661839844,0.5558888471301864,0.580162501746627,0.7305207482445981,0.37350902919080015,0.39778268380724074,0,0,0,0.9637323617935181,0.9673569798469543
908,0.18242612181948217,1.3739669365769944,0.757781017126701,0.6156862048226419,1.1915408147575124,0.5753548953072188,0.4332600830031597,0,0,0,0.9745641946792603,0.9703153371810913
909,0.1584865355622123,0.00032722951584377195,0.5183370273046888,0.5962163693190513,0.15815930604636852,0.35985049174247646,0.43772983375683905,0,0,0,0.9588441252708435,0.9679644107818604
910,0.20035242020364344,1.2877822222475985,0.7367562103473901,0.6243243375247192,1.087429802043955,0.5364037901437467,0.42397191732107575,0,0,0,0.9725579619407654,0.9703088402748108
911,0.011538146350678638,0.06487190943716462,0.31165606226242537,0.5617906824722605,0.053333763086485984,0.30011791591174675,0.5502525361215819,0,0,0,0.9642152190208435,0.9668604731559753
912,0.011740554070853074,1.0119009565521457,0.4630468596896483,0.5420419179157381,1.0001604024812927,0.4513063056187952,0.530301363844885,0,0,0,0.9669128656387329,0.9692533016204834
913,0.0015908932768753734,0.24074437136652702,0.4307505394462204,0.5197836422218345,0.23915347808965165,0.42915964616934504,0.5181927489449591,0,0,0,0.9646485447883606,0.9690331816673279
914,0.09312155850412414,0.4018378247162892,0.739305086985209,0.5636879311745094,0.3087162662121651,0.6461835284810848,0.47056637267038526,0,0,0,0.9624231457710266,0.9686474800109863
915,0.2946972362396478,1.8599618966149645,0.8015112768121407,0.6112526003020358,1.5652646603753166,0.5068140405724929,0.316555364062388,0,0,0,0.9727986454963684,0.9684256911277771
916,0.47506478973609834,0.5990338437497404,0.8492394399557865,0.658849968232786,0.12396905401364214,0.37417465021968827,0.18378517849668766,0,0,0,0.954502522945404,0.9685600996017456
917,0.7766850897102152,2.5494558329494117,1.4989854158899372,0.8268770577642163,1.7727707432391964,0.7223003261797221,0.05019196805400117,0,0,0,0.974373459815979,0.9727707505226135
918,0.48979649391961094,1.6629159549802683,1.2683323135731763,0.9151681089260084,1.1731194610606575,0.7785358196535654,0.4253716150063974,0,0,0,0.9673526287078857,0.968488335609436
919,-0.2889335971167884,2.544440126221095,0.35422065396872143,0.802978617934551,2.8333737233378833,0.6431542510855098,1.0919122150513394,0,0,0,0.9617973566055298,0.9728673696517944
920,-0.5620962874400173,0.9889499201153162,0.44417140550368145,0.7312171754483772,1.5510462075553335,1.0062676929436989,1.2933134628883944,0,0,0,0.9767056107521057,0.9667552709579468
921,-0.25643934566642296,89.8031359620309,0.5802750922088704,0.7010287588004759,90.05957530769732,0.8367144378752933,0.9574681044668989,1,0,0,0.970505952835083,0.9680348634719849
922,-0.13936315314451372,0.028050543049557692,0.3823363563172206,0.6372902783038249,0.16741369619407143,0.5216995094617343,0.7766534314483386,0,0,0,0.9694620966911316,0.9688034057617188
923,-0.05728158824761689,89.78571214945819,0.07753971306698174,0.5253401652564563,89.84299373770581,0.1348213013145986,0.5826217535040732,0,0,0,0.9671597480773926,0.9686284065246582
924,-0.05722102367958592,86.9216430757426,-0.3855236618139301,0.343167399842379,86.97886409942218,0.3283026381343442,0.4003884235219649,0,0,0,0.9364678859710693,0.9693359136581421
925,-0.056416822265669804,89.67277497153202,0.18853601772675915,0.3122411234192551,89.7291917937977,0.24495283999242895,0.3686579456849248,0,0,0,0.9679998159408569,0.9689215421676636
926,-0.05727967392701943,89.67309599042302,0.30681301539483247,0.31115550181437057,89.73037566435003,0.3640926893218519,0.36843517574139,0,0,0,0.971379280090332,0.969373881816864
927,-0.05925543287647124,89.67379949990753,0.6203603848138046,0.37299647841425737,89.733054932784,0.679615817690276,0.4322519112907286,0,0,0,0.975042462348938,0.9708775281906128
928,-0.05925336514342172,89.68199572691154,0.27221746572740474,0.35284067587688683,89.74124909205497,0.3314708308708265,0.41209404102030855,0,0,0,0.9709663987159729,0.9695211052894592
929,-0.02791313551831077,89.81676218942506,0.6248342799816334,0.40723939669783615,89.84467532494338,0.6527474154999442,0.4351525322161469,0,0,0,0.9727716445922852,0.9684757590293884
930,-0.10841313142627282,0.4921970919694589,0.4032095642454359,0.4064334302073562,0.6006102233957317,0.5116226956717087,0.5148465616336291,0,0,0,0.9784436225891113,0.966481626033783
931,-0.07744568071945647,0.3989947051134185,0.5929563215177811,0.44373800846944117,0.47644038583287496,0.6704020022372376,0.5211836891888977,0,0,0,0.9659875631332397,0.9677668809890747
932,-0.07790260970275974,89.83929498349694,0.22041274186065815,0.39907295514768454,89.9171975931997,0.2983153515634179,0.4769755648504443,0,0,0,0.9639776945114136,0.9686256647109985
933,-0.07769282817972646,89.90246057294121,0.2777352821649387,0.37480542055113547,89.98015340112094,0.3554281103446651,0.4524982487308619,0,0,0,0.9698807001113892,0.9696258902549744
934,-0.07872303948606124,89.69022610486141,0.4111300680634592,0.38207035005360024,89.76894914434747,0.48985310754952044,0.46079338953966137,0,0,0,0.9716401696205139,0.9721801280975342
935,0.02329760850624821,0.11345744624184541,0.6889613688542677,0.44344855381373377,0.09015983773559719,0.6656637603480196,0.42015094530748553,0,0,0,0.9715682864189148,0.9685316681861877
936,0.12531891016900557,0.4179203588907305,0.7583504896466682,0.5064289409803208,0.2926014487217249,0.6330315794776628,0.3811100308113151,0,0,0,0.965111255645752,0.9679452180862427
937,-0.20765551993240025,89.67463961317544,0.4509704446949654,0.4953372417232497,89.88229513310785,0.6586259646273657,0.70299276165565,0,0,0,0.971764326095581,0.9715187549591064
938,-0.29179133759335113,0.342142585020186,0.31718357461319874,0.4597065083012395,0.6339339226135371,0.6089749122065499,0.7514978458945907,0,0,0,0.9644656777381897,0.9670411348342896
939,-0.18194526049365742,0.3677469631865804,0.556849781354636,0.4791351629119188,0.5496922236802378,0.7387950418482935,0.6610804234055763,0,0,0,0.9595007300376892,0.9696084260940552
940,-0.1821387469462392,0.4942667460096785,0.3862975514387548,0.46056764061728606,0.6764054929559177,0.568436298384994,0.6427063875635253,0,0,0,0.9627078771591187,0.9684932231903076
941,-0.18208551949548069,89.86611713636758,0.20371153370640346,0.4091964192351096,90.04820265586307,0.3857970532018842,0.5912819387305902,1,0,0,0.9656977653503418,0.9691011309623718
942,-0.18457136150782155,89.72859810761854,0.7117978775479868,0.469716710897685,89.91316946912636,0.8963692390558082,0.6542880724055066,0,0,0,0.9721218943595886,0.969002366065979
943,-0.18521193186634824,89.65345919655923,0.4934332674950179,0.4744600222171516,89.83867112842557,0.6786451993613662,0.6596719540834998,0,0,0,0.9729296565055847,0.9717430472373962
944,-0.18522692626601053,89.79508316899944,0.5216754512148926,0.48390310801669983,89.98031009526545,0.7069023774809031,0.6691300342827103,0,0,0,0.9726427793502808,0.9693525433540344
945,-0.18456094280129462,89.63698478028115,0.2692695252866608,0.440976391470692,89.82154572308245,0.4538304680879554,0.6255373342719867,0,0,0,0.9729313254356384,0.9694318175315857
946,-0.18313800895789734,89.65546727217522,0.47303329804535715,0.4473877727856251,89.83860528113311,0.6561713070032544,0.6305257817435225,0,0,0,0.9740177392959595,0.9723528623580933
947,-0.18242742916037802,89.64507172425846,0.4185770918900727,0.44162563660651466,89.82749915341883,0.6010045210504507,0.6240530657668927,0,0,0,0.9741300344467163,0.9724793434143066
948,-0.1846934377990223,89.64062527110877,0.21459534587389514,0.39621957845999073,89.8253187089078,0.3992887836729174,0.580913016259013,0,0,0,0.9748672842979431,0.9710964560508728
949,-0.18468806169309357,89.68096436834688,0.04213047249507634,0.3254017572670079,89.86565243003996,0.22681853418816988,0.5100898189601014,0,0,0,0.9738033413887024,0.9706867337226868
950,-0.18468880874503402,89.65784417800639,0.44621585827006305,0.34956457746761893,89.84253298675141,0.6309046670150971,0.534253386212653,0,0,0,0.9734961986541748,0.9722883105278015
951,-0.18347950507618477,89.6534660267484,0.4789970423253149,0.37545107043915815,89.83694553182458,0.6624765474014997,0.558930575515343,0,0,0,0.9738175868988037,0.9723941683769226
952,-0.1833653662118515,89.93764287735596,0.37609384033141086,0.3755796244176087,90.1210082435678,0.5594592065432623,0.5589449906294602,1,0,0,0.9698115587234497,0.9683342576026917
953,-0.18336674025381344,0.20641207865791414,0.3096002439693305,0.3623837483279531,0.38977881891172755,0.492966984223144,0.5457504885817664,0,0,0,0.9610607028007507,0.96755051612854
954,-0.1984495721895602,89.83775136074452,0.24274115985719463,0.3384552306338014,90.03620093293408,0.4411907320467548,0.5369048028233615,1,0,0,0.9687150120735168,0.9687050580978394
955,-0.1983308176114519,89.99242782468862,0.19058905595469436,0.3088819956979801,90.19075864230007,0.3889198735661463,0.5072128133094319,1,0,0,0.9728805422782898,0.9696797132492065
956,-0.21274131614098876,0.5611956629649276,0.22038748096959315,0.2911830927523027,0.7739369791059164,0.4331287971105819,0.5039244088932915,0,0,0,0.9732664823532104,0.9650688171386719
957,-0.20043975857961233,6.2403417172532665,0.30370069303662306,0.2936866128091668,6.440781475832878,0.5041404516162354,0.49412637138877913,0,0,0,0.9483473896980286,0.9760441780090332
958,-0.18813801425525079,1.4035765536809404,0.3953395654269543,0.3140172033327243,1.591714567936191,0.583477579682205,0.5021552175879751,0,0,0,0.9764840006828308,0.9681772589683533
959,-0.28802656933935183,0.8346627769538982,0.2685400455871527,0.30492177178361,1.1226893462932501,0.5565666149265046,0.5929483411229618,0,0,0,0.9773324728012085,0.9668971300125122
960,-0.3657483057611319,84.12280230860061,-0.38654066829812017,0.16662928376726396,84.48855061436174,0.02079236253698829,0.5323775895283959,0,0,0,0.9394850134849548,0.9728642106056213
961,-0.5297828759200985,89.47803261791663,0.2027613212797642,0.17385569126976402,90.00781549383672,0.7325441971998629,0.7036385671898626,1,0,0,0.9721174836158752,0.970805823802948
962,-0.8351045514549805,88.83987438338399,-0.1164137276845053,0.11580180747891017,89.67497893483898,0.7186908237704752,0.9509063589338907,0,0,0,0.9790873527526855,0.968268096446991
963,-0.28868506894444984,0.01927435527826629,0.2704462845559818,0.14673070289432452,0.3079594242227161,0.5591313535004315,0.43541577183877433,0,0,0,0.9734655022621155,0.9695444107055664
964,0.46281383160347556,0.944700859742506,0.6567802300926048,0.2487406083339806,0.4818870281390304,0.1939663984891292,0.214073223269495,0,0,0,0.9672641754150391,0.9681949019432068
965,0.7929503848058072,0.8903056600793475,0.6878336797290916,0.33655922261300286,0.09735527527354035,0.10511670507671557,0.45639116219280434,0,0,0,0.9675530791282654,0.9680038094520569
966,0.9127287442376762,0.9583425617840197,0.7451226685419656,0.4182719117987954,0.04561381754634344,0.16760607569571062,0.49445683243888083,0,0,0,0.9678212404251099,0.9668539762496948
967,0.9322904060205928,1.882749755563654,0.8778852432349348,0.5101945780860233,0.9504593495430614,0.054405162785658066,0.42209582793456946,0,0,0,0.9781619310379028,0.9684671759605408
968,0.8135430849882783,0.04976570878290502,0.6305568088766981,0.5342670242441584,0.7637773762053732,0.18298627611158022,0.27927606074412,0,0,0,0.965174674987793,0.9676684141159058
969,0.6179335641525476,1.83324155625164,0.8539329740771754,0.5982002142107619,1.2153079920990923,0.23599940992462784,0.01973334994178572,0,0,0,0.9629855155944824,0.9712458848953247
970,0.33138770512006044,0.033946036839910064,0.5630686198797769,0.5911738953445649,0.2974416682801504,0.23168091475971644,0.25978619022450444,0,0,0,0.9631264805793762,0.9689468741416931
971,0.02203482225506256,89.68664025554715,0.842312108694101,0.6414015380144721,89.6646054332921,0.8202772864390384,0.6193667157594095,0,0,0,0.9710458517074585,0.9690110087394714
972,-0.08857994961352846,89.74224482558023,0.49801785166270496,0.6127248007441187,89.83082477519376,0.5865978012762334,0.7013047503576472,0,0,0,0.9740550518035889,0.9687864780426025
973,-0.08867249067265419,0.18917084024337721,0.2409287837916011,0.5383655973536152,0.2778433309160314,0.32960127446425536,0.6270380880262694,0,0,0,0.9686906337738037,0.9675617218017578
974,-0.08876375774141716,89.72243044679801,0.5502737359653295,0.5407472250759581,89.81119420453943,0.6390374937067467,0.6295109828173753,0,0,0,0.9701089859008789,0.9694157242774963
975,-0.0887707746935723,89.66445580112295,0.7728703091161542,0.5871718418839973,89.75322657581653,0.8616410838097265,0.6759426165775696,0,0,0,0.971191942691803,0.9687203764915466
976,-0.08441216684796535,0.28966784245256477,0.30883536735617917,0.5315045469784337,0.3740800093005301,0.39324753420414454,0.6159167138263991,0,0,0,0.9665381908416748,0.9700082540512085
977,-0.08441011912523566,0.5703664192252863,0.4517751750706029,0.5155586725968676,0.654776538350522,0.5361852941958385,0.5999687917221033,0,0,0,0.9637929201126099,0.9688345193862915
978,-0.03916228699360318,89.94641967043941,0.704392706843931,0.5533254794462803,89.98558195743303,0.7435549938375341,0.5924877664398835,0,0,0,0.9696053862571716,0.968900740146637
979,-0.10730371927403498,0.10569717740594732,0.6304382964196206,0.5687480428409484,0.2130008966799823,0.7377420156936556,0.6760517621149834,0,0,0,0.9783545732498169,0.9661827087402344
980,-0.17544449454896555,89.66222915945353,0.3828096362856313,0.5315603615298851,89.83767365400249,0.558254130834597,0.7070048560788507,0,0,0,0.9730567336082458,0.9715175628662109
981,-0.16435861727835885,0.18524409512042814,0.2741250895616351,0.4800733071362351,0.349602712398787,0.438483706839994,0.6444319244145938,0,0,0,0.9686239361763,0.9688233137130737
982,-0.19426023830953587,89.8354564171834,0.10320244175512143,0.40469913406001234,90.02971665549292,0.2974626800646573,0.5989593723695481,1,0,0,0.9676016569137573,0.9686456322669983
983,-0.05710681144407993,89.68762380278764,0.21001404011579355,0.3657621152711686,89.74473061423171,0.2671208515598735,0.42286892671524856,0,0,0,0.9706915616989136,0.9722661972045898
984,-0.05635816534812967,89.65707919681934,0.027120539412777547,0.2980338000994904,89.71343736216747,0.08347870476090723,0.3543919654476201,0,0,0,0.9710531830787659,0.9702292680740356
985,-0.05656566569470187,89.67349214139487,0.291266680737386,0.2966803762270695,89.73005780708958,0.3478323464320878,0.3532460419217714,0,0,0,0.9737086296081543,0.9693770408630371
986,-0.0565649186427614,89.62294874153679,0.2944637327806471,0.296237047537785,89.67951366017954,0.35102865142340844,0.3528019661805464,0,0,0,0.9726808667182922,0.9695234894752502
987,-0.05488070338318468,1.085484612193103,0.5399815874610115,0.3449859555224303,1.1403653155762876,0.5948622908441962,0.39986665890561496,0,0,0,0.9707368612289429,0.9709072709083557
988,-0.05393918114940759,89.83305219059555,0.11670373821467361,0.29932951206087893,89.88699137174495,0.1706429193640812,0.35326869321028653,0,0,0,0.9663863182067871,0.9690523147583008
989,-0.05391818031874179,0.9459829075940586,0.5220283510483062,0.3438692798583644,0.9999010879128003,0.575946531367048,0.3977874601771062,0,0,0,0.9681026935577393,0.9712708592414856
990,-0.026796903182062844,89.90332800696581,0.2371161330445364,0.3225186504955988,89.93012491014787,0.26391303622659923,0.34931555367766165,0,0,0,0.9684393405914307,0.9690597057342529
991,-0.10050860819469126,89.74600142962373,0.4730718024775399,0.3526292808919871,89.84651003781842,0.5735804106722312,0.45313788908667835,0,0,0,0.973091721534729,0.9718547463417053
992,0.12014549543997048,89.78066463966155,0.6864485320931439,0.41939313113221843,89.66051914422158,0.5663030366531735,0.29924763569224794,0,0,0,0.9685954451560974,0.9689496755599976
993,0.11981561864740002,89.72775116416146,0.18439176065918708,0.37239285703761216,89.60793554551405,0.06457614201178706,0.2525772383902121,0,0,0,0.9671974778175354,0.9704090356826782
994,0.12187521416684977,1.2415892260039791,0.8024910973418483,0.45841250509845943,1.1197140118371294,0.6806158831749985,0.33653729093160967,0,0,0,0.9669323563575745,0.969626784324646
995,0.12341903702247099,89.82549800137352,0.3233433838291075,0.43139868084458904,89.70207896435105,0.1999243468066365,0.30797964382211807,0,0,0,0.9657480120658875,0.9698278903961182
996,0.12203474977677982,89.73884339137356,0.6556737339765252,0.4762536914709763,89.61680864159678,0.5336389841997454,0.3542189416941965,0,0,0,0.9702044725418091,0.9697550535202026
997,0.16265042965562096,89.87960675997836,0.5348030803860708,0.48796356925399514,89.71695633032273,0.3721526507304499,0.32531313959837416,0,0,0,0.9679208397865295,0.9688253402709961
998,0.2032664964006456,0.07895887444551841,0.8013644852189378,0.5506437524469837,0.12430762195512718,0.5980979888182921,0.3473772560463381,0,0,0,0.9699966907501221,0.9671136140823364
999,0.15433284673191894,0.916419607710422,0.5369469422671627,0.5479043904110196,0.762086760978503,0.38261409553524367,0.3935715436791006,0,0,0,0.9737026691436768,0.968327522277832
1000,-0.19202898092633666,89.69040368977983,0.3062394732600496,0.4995714069808256,89.88243267070617,0.4982684541863862,0.6916003879071622,0,0,0,0.9725955128669739,0.9692507982254028
